sample_name	metric	marker	niche	a	b	slope_a	geodiversity_a	slope_b	geodiversity_b	withinamong	distance
1751	unweighted	16SrRNA	Shrub	AS3001	AS3010	O1	Homogenous	O2	Homogenous	within Homogenous	0.45627003577815795
1752	unweighted	16SrRNA	Shrub	AS3001	AS3011	O1	Homogenous	O2	Homogenous	within Homogenous	0.4525692814229246
1753	unweighted	16SrRNA	Shrub	AS3001	AS3012	O1	Homogenous	O2	Homogenous	within Homogenous	0.3676795309498319
1754	unweighted	16SrRNA	Shrub	AS3001	AS3013	O1	Homogenous	O2	Homogenous	within Homogenous	0.3951787087944768
1755	unweighted	16SrRNA	Shrub	AS3001	AS3014	O1	Homogenous	O2	Homogenous	within Homogenous	0.4416467215705291
1756	unweighted	16SrRNA	Shrub	AS3001	AS3020	O1	Homogenous	O3	Homogenous	within Homogenous	0.3440906940317288
1757	unweighted	16SrRNA	Shrub	AS3001	AS3021	O1	Homogenous	O3	Homogenous	within Homogenous	0.3458348849426534
1758	unweighted	16SrRNA	Shrub	AS3001	AS3022	O1	Homogenous	O3	Homogenous	within Homogenous	0.3657645039647275
1759	unweighted	16SrRNA	Shrub	AS3001	AS3023	O1	Homogenous	O3	Homogenous	within Homogenous	0.3906641453413269
1760	unweighted	16SrRNA	Shrub	AS3001	AS3024	O1	Homogenous	O3	Homogenous	within Homogenous	0.3602828438519097
1761	unweighted	16SrRNA	Shrub	AS3001	AS3031	O1	Homogenous	H1	Heterogenous	among geodiversity	0.4598286590551866
1762	unweighted	16SrRNA	Shrub	AS3001	AS3032	O1	Homogenous	H1	Heterogenous	among geodiversity	0.39781432838106295
1763	unweighted	16SrRNA	Shrub	AS3001	AS3033	O1	Homogenous	H1	Heterogenous	among geodiversity	0.4092345641483244
1764	unweighted	16SrRNA	Shrub	AS3001	AS3034	O1	Homogenous	H1	Heterogenous	among geodiversity	0.3742198440037425
1765	unweighted	16SrRNA	Shrub	AS3001	AS3040	O1	Homogenous	H2	Heterogenous	among geodiversity	0.469661608742443
1766	unweighted	16SrRNA	Shrub	AS3001	AS3041	O1	Homogenous	H2	Heterogenous	among geodiversity	0.4122390655238172
1767	unweighted	16SrRNA	Shrub	AS3001	AS3042	O1	Homogenous	H2	Heterogenous	among geodiversity	0.4412104018846611
1768	unweighted	16SrRNA	Shrub	AS3001	AS3043	O1	Homogenous	H2	Heterogenous	among geodiversity	0.4724548880467417
1769	unweighted	16SrRNA	Shrub	AS3001	AS3044	O1	Homogenous	H2	Heterogenous	among geodiversity	0.4210860852049068
1770	unweighted	16SrRNA	Shrub	AS3001	AS3050	O1	Homogenous	H3	Heterogenous	among geodiversity	0.4393431978968444
1771	unweighted	16SrRNA	Shrub	AS3001	AS3051	O1	Homogenous	H3	Heterogenous	among geodiversity	0.35012896255588083
1772	unweighted	16SrRNA	Shrub	AS3001	AS3054	O1	Homogenous	H3	Heterogenous	among geodiversity	0.3773462357185332
1773	unweighted	16SrRNA	Shrub	AS3002	AS3010	O1	Homogenous	O2	Homogenous	within Homogenous	0.4226070126330021
1774	unweighted	16SrRNA	Shrub	AS3002	AS3011	O1	Homogenous	O2	Homogenous	within Homogenous	0.4680436917340479
1775	unweighted	16SrRNA	Shrub	AS3002	AS3012	O1	Homogenous	O2	Homogenous	within Homogenous	0.4821083470194378
1776	unweighted	16SrRNA	Shrub	AS3002	AS3013	O1	Homogenous	O2	Homogenous	within Homogenous	0.40070922203777937
1777	unweighted	16SrRNA	Shrub	AS3002	AS3014	O1	Homogenous	O2	Homogenous	within Homogenous	0.4042613839230711
1778	unweighted	16SrRNA	Shrub	AS3002	AS3020	O1	Homogenous	O3	Homogenous	within Homogenous	0.4329544698795229
1779	unweighted	16SrRNA	Shrub	AS3002	AS3021	O1	Homogenous	O3	Homogenous	within Homogenous	0.43662791134553935
1780	unweighted	16SrRNA	Shrub	AS3002	AS3022	O1	Homogenous	O3	Homogenous	within Homogenous	0.4952779530566316
1781	unweighted	16SrRNA	Shrub	AS3002	AS3023	O1	Homogenous	O3	Homogenous	within Homogenous	0.4967352082892694
1782	unweighted	16SrRNA	Shrub	AS3002	AS3024	O1	Homogenous	O3	Homogenous	within Homogenous	0.4455435695903914
1783	unweighted	16SrRNA	Shrub	AS3002	AS3031	O1	Homogenous	H1	Heterogenous	among geodiversity	0.4754422848094376
1784	unweighted	16SrRNA	Shrub	AS3002	AS3032	O1	Homogenous	H1	Heterogenous	among geodiversity	0.4496761866860066
1785	unweighted	16SrRNA	Shrub	AS3002	AS3033	O1	Homogenous	H1	Heterogenous	among geodiversity	0.4777804301935061
1786	unweighted	16SrRNA	Shrub	AS3002	AS3034	O1	Homogenous	H1	Heterogenous	among geodiversity	0.4451075499500832
1787	unweighted	16SrRNA	Shrub	AS3002	AS3040	O1	Homogenous	H2	Heterogenous	among geodiversity	0.4130922897641913
1788	unweighted	16SrRNA	Shrub	AS3002	AS3041	O1	Homogenous	H2	Heterogenous	among geodiversity	0.3600091936128493
1789	unweighted	16SrRNA	Shrub	AS3002	AS3042	O1	Homogenous	H2	Heterogenous	among geodiversity	0.4436672461612177
1790	unweighted	16SrRNA	Shrub	AS3002	AS3043	O1	Homogenous	H2	Heterogenous	among geodiversity	0.502766104346821
1791	unweighted	16SrRNA	Shrub	AS3002	AS3044	O1	Homogenous	H2	Heterogenous	among geodiversity	0.4458055588138615
1792	unweighted	16SrRNA	Shrub	AS3002	AS3050	O1	Homogenous	H3	Heterogenous	among geodiversity	0.5142536487426164
1793	unweighted	16SrRNA	Shrub	AS3002	AS3051	O1	Homogenous	H3	Heterogenous	among geodiversity	0.41933345446322906
1794	unweighted	16SrRNA	Shrub	AS3002	AS3054	O1	Homogenous	H3	Heterogenous	among geodiversity	0.4389480811344448
1795	unweighted	16SrRNA	Shrub	AS3003	AS3010	O1	Homogenous	O2	Homogenous	within Homogenous	0.4663203054869821
1796	unweighted	16SrRNA	Shrub	AS3003	AS3011	O1	Homogenous	O2	Homogenous	within Homogenous	0.4450551766724066
1797	unweighted	16SrRNA	Shrub	AS3003	AS3012	O1	Homogenous	O2	Homogenous	within Homogenous	0.3640566014689656
1798	unweighted	16SrRNA	Shrub	AS3003	AS3013	O1	Homogenous	O2	Homogenous	within Homogenous	0.4170178919195911
1799	unweighted	16SrRNA	Shrub	AS3003	AS3014	O1	Homogenous	O2	Homogenous	within Homogenous	0.4599047068758561
1800	unweighted	16SrRNA	Shrub	AS3003	AS3020	O1	Homogenous	O3	Homogenous	within Homogenous	0.38078913371448064
1801	unweighted	16SrRNA	Shrub	AS3003	AS3021	O1	Homogenous	O3	Homogenous	within Homogenous	0.3554223224617764
1802	unweighted	16SrRNA	Shrub	AS3003	AS3022	O1	Homogenous	O3	Homogenous	within Homogenous	0.3918273225034961
1803	unweighted	16SrRNA	Shrub	AS3003	AS3023	O1	Homogenous	O3	Homogenous	within Homogenous	0.4022088335916664
1804	unweighted	16SrRNA	Shrub	AS3003	AS3024	O1	Homogenous	O3	Homogenous	within Homogenous	0.3568539563229652
1805	unweighted	16SrRNA	Shrub	AS3003	AS3031	O1	Homogenous	H1	Heterogenous	among geodiversity	0.4855337322509477
1806	unweighted	16SrRNA	Shrub	AS3003	AS3032	O1	Homogenous	H1	Heterogenous	among geodiversity	0.3678080202086532
1807	unweighted	16SrRNA	Shrub	AS3003	AS3033	O1	Homogenous	H1	Heterogenous	among geodiversity	0.3837258440990268
1808	unweighted	16SrRNA	Shrub	AS3003	AS3034	O1	Homogenous	H1	Heterogenous	among geodiversity	0.3857149358117039
1809	unweighted	16SrRNA	Shrub	AS3003	AS3040	O1	Homogenous	H2	Heterogenous	among geodiversity	0.4797642672525018
1810	unweighted	16SrRNA	Shrub	AS3003	AS3041	O1	Homogenous	H2	Heterogenous	among geodiversity	0.4472729241337253
1811	unweighted	16SrRNA	Shrub	AS3003	AS3042	O1	Homogenous	H2	Heterogenous	among geodiversity	0.4292960587089667
1812	unweighted	16SrRNA	Shrub	AS3003	AS3043	O1	Homogenous	H2	Heterogenous	among geodiversity	0.4968182366157042
1813	unweighted	16SrRNA	Shrub	AS3003	AS3044	O1	Homogenous	H2	Heterogenous	among geodiversity	0.3754000455631727
1814	unweighted	16SrRNA	Shrub	AS3003	AS3050	O1	Homogenous	H3	Heterogenous	among geodiversity	0.4429053934596319
1815	unweighted	16SrRNA	Shrub	AS3003	AS3051	O1	Homogenous	H3	Heterogenous	among geodiversity	0.3713180316160326
1816	unweighted	16SrRNA	Shrub	AS3003	AS3054	O1	Homogenous	H3	Heterogenous	among geodiversity	0.40973292233080855
1817	unweighted	16SrRNA	Shrub	AS3004	AS3010	O1	Homogenous	O2	Homogenous	within Homogenous	0.45369501008866
1818	unweighted	16SrRNA	Shrub	AS3004	AS3011	O1	Homogenous	O2	Homogenous	within Homogenous	0.4227332554104876
1819	unweighted	16SrRNA	Shrub	AS3004	AS3012	O1	Homogenous	O2	Homogenous	within Homogenous	0.37388590438798297
1820	unweighted	16SrRNA	Shrub	AS3004	AS3013	O1	Homogenous	O2	Homogenous	within Homogenous	0.4133826245112396
1821	unweighted	16SrRNA	Shrub	AS3004	AS3014	O1	Homogenous	O2	Homogenous	within Homogenous	0.42397349506148696
1822	unweighted	16SrRNA	Shrub	AS3004	AS3020	O1	Homogenous	O3	Homogenous	within Homogenous	0.3568521617378255
1823	unweighted	16SrRNA	Shrub	AS3004	AS3021	O1	Homogenous	O3	Homogenous	within Homogenous	0.3758616285947349
1824	unweighted	16SrRNA	Shrub	AS3004	AS3022	O1	Homogenous	O3	Homogenous	within Homogenous	0.3896702143328063
1825	unweighted	16SrRNA	Shrub	AS3004	AS3023	O1	Homogenous	O3	Homogenous	within Homogenous	0.3704919059539611
1826	unweighted	16SrRNA	Shrub	AS3004	AS3024	O1	Homogenous	O3	Homogenous	within Homogenous	0.4244954765893027
1827	unweighted	16SrRNA	Shrub	AS3004	AS3031	O1	Homogenous	H1	Heterogenous	among geodiversity	0.4819795729731556
1828	unweighted	16SrRNA	Shrub	AS3004	AS3032	O1	Homogenous	H1	Heterogenous	among geodiversity	0.3992209403844765
1829	unweighted	16SrRNA	Shrub	AS3004	AS3033	O1	Homogenous	H1	Heterogenous	among geodiversity	0.3931945481025851
1830	unweighted	16SrRNA	Shrub	AS3004	AS3034	O1	Homogenous	H1	Heterogenous	among geodiversity	0.3831966227260016
1831	unweighted	16SrRNA	Shrub	AS3004	AS3040	O1	Homogenous	H2	Heterogenous	among geodiversity	0.4660470612024654
1832	unweighted	16SrRNA	Shrub	AS3004	AS3041	O1	Homogenous	H2	Heterogenous	among geodiversity	0.4366464193293407
1833	unweighted	16SrRNA	Shrub	AS3004	AS3042	O1	Homogenous	H2	Heterogenous	among geodiversity	0.4195980314997182
1834	unweighted	16SrRNA	Shrub	AS3004	AS3043	O1	Homogenous	H2	Heterogenous	among geodiversity	0.4656883175811135
1835	unweighted	16SrRNA	Shrub	AS3004	AS3044	O1	Homogenous	H2	Heterogenous	among geodiversity	0.3985940585515481
1836	unweighted	16SrRNA	Shrub	AS3004	AS3050	O1	Homogenous	H3	Heterogenous	among geodiversity	0.40490669174207977
1837	unweighted	16SrRNA	Shrub	AS3004	AS3051	O1	Homogenous	H3	Heterogenous	among geodiversity	0.3946373074022586
1838	unweighted	16SrRNA	Shrub	AS3004	AS3054	O1	Homogenous	H3	Heterogenous	among geodiversity	0.3959490859402714
1839	unweighted	16SrRNA	Intershrub	AS3005	AS3015	O1	Homogenous	O2	Homogenous	within Homogenous	0.40833210989180857
1840	unweighted	16SrRNA	Intershrub	AS3005	AS3016	O1	Homogenous	O2	Homogenous	within Homogenous	0.4243341538446992
1841	unweighted	16SrRNA	Intershrub	AS3005	AS3017	O1	Homogenous	O2	Homogenous	within Homogenous	0.4224097597541701
1842	unweighted	16SrRNA	Intershrub	AS3005	AS3018	O1	Homogenous	O2	Homogenous	within Homogenous	0.3977696121580664
1843	unweighted	16SrRNA	Intershrub	AS3005	AS3019	O1	Homogenous	O2	Homogenous	within Homogenous	0.40045300224150815
1844	unweighted	16SrRNA	Intershrub	AS3005	AS3025	O1	Homogenous	O3	Homogenous	within Homogenous	0.4287006442198414
1845	unweighted	16SrRNA	Intershrub	AS3005	AS3027	O1	Homogenous	O3	Homogenous	within Homogenous	0.400145105704204
1846	unweighted	16SrRNA	Intershrub	AS3005	AS3028	O1	Homogenous	O3	Homogenous	within Homogenous	0.4077416197769069
1847	unweighted	16SrRNA	Intershrub	AS3005	AS3029	O1	Homogenous	O3	Homogenous	within Homogenous	0.4714128523173432
1848	unweighted	16SrRNA	Intershrub	AS3005	AS3035	O1	Homogenous	H1	Heterogenous	among geodiversity	0.4497090108303466
1849	unweighted	16SrRNA	Intershrub	AS3005	AS3037	O1	Homogenous	H1	Heterogenous	among geodiversity	0.4986908760244735
1850	unweighted	16SrRNA	Intershrub	AS3005	AS3038	O1	Homogenous	H1	Heterogenous	among geodiversity	0.4904119076652562
1851	unweighted	16SrRNA	Intershrub	AS3005	AS3039	O1	Homogenous	H1	Heterogenous	among geodiversity	0.4002384625821858
1852	unweighted	16SrRNA	Intershrub	AS3005	AS3045	O1	Homogenous	H2	Heterogenous	among geodiversity	0.5454691815060443
1853	unweighted	16SrRNA	Intershrub	AS3005	AS3046	O1	Homogenous	H2	Heterogenous	among geodiversity	0.4009304066962687
1854	unweighted	16SrRNA	Intershrub	AS3005	AS3047	O1	Homogenous	H2	Heterogenous	among geodiversity	0.40162841704023533
1855	unweighted	16SrRNA	Intershrub	AS3005	AS3048	O1	Homogenous	H2	Heterogenous	among geodiversity	0.4781952775404378
1856	unweighted	16SrRNA	Intershrub	AS3005	AS3049	O1	Homogenous	H2	Heterogenous	among geodiversity	0.44812310989521503
1857	unweighted	16SrRNA	Intershrub	AS3005	AS3055	O1	Homogenous	H3	Heterogenous	among geodiversity	0.4049127473046954
1858	unweighted	16SrRNA	Intershrub	AS3005	AS3056	O1	Homogenous	H3	Heterogenous	among geodiversity	0.3867119497396138
1859	unweighted	16SrRNA	Intershrub	AS3005	AS3057	O1	Homogenous	H3	Heterogenous	among geodiversity	0.4339465531776039
1860	unweighted	16SrRNA	Intershrub	AS3005	AS3058	O1	Homogenous	H3	Heterogenous	among geodiversity	0.3955841696570003
1861	unweighted	16SrRNA	Intershrub	AS3006	AS3015	O1	Homogenous	O2	Homogenous	within Homogenous	0.4260865237105829
1862	unweighted	16SrRNA	Intershrub	AS3006	AS3016	O1	Homogenous	O2	Homogenous	within Homogenous	0.4021607314608896
1863	unweighted	16SrRNA	Intershrub	AS3006	AS3017	O1	Homogenous	O2	Homogenous	within Homogenous	0.40251573552466585
1864	unweighted	16SrRNA	Intershrub	AS3006	AS3018	O1	Homogenous	O2	Homogenous	within Homogenous	0.4125647567908906
1865	unweighted	16SrRNA	Intershrub	AS3006	AS3019	O1	Homogenous	O2	Homogenous	within Homogenous	0.4241406652700597
1866	unweighted	16SrRNA	Intershrub	AS3006	AS3025	O1	Homogenous	O3	Homogenous	within Homogenous	0.42562591564211294
1867	unweighted	16SrRNA	Intershrub	AS3006	AS3027	O1	Homogenous	O3	Homogenous	within Homogenous	0.4209715852173957
1868	unweighted	16SrRNA	Intershrub	AS3006	AS3028	O1	Homogenous	O3	Homogenous	within Homogenous	0.4408274718213344
1869	unweighted	16SrRNA	Intershrub	AS3006	AS3029	O1	Homogenous	O3	Homogenous	within Homogenous	0.5396998924602128
1870	unweighted	16SrRNA	Intershrub	AS3006	AS3035	O1	Homogenous	H1	Heterogenous	among geodiversity	0.3849956800882485
1871	unweighted	16SrRNA	Intershrub	AS3006	AS3037	O1	Homogenous	H1	Heterogenous	among geodiversity	0.4968466075155847
1872	unweighted	16SrRNA	Intershrub	AS3006	AS3038	O1	Homogenous	H1	Heterogenous	among geodiversity	0.441948769734688
1873	unweighted	16SrRNA	Intershrub	AS3006	AS3039	O1	Homogenous	H1	Heterogenous	among geodiversity	0.436655887976758
1874	unweighted	16SrRNA	Intershrub	AS3006	AS3045	O1	Homogenous	H2	Heterogenous	among geodiversity	0.5668826840132424
1875	unweighted	16SrRNA	Intershrub	AS3006	AS3046	O1	Homogenous	H2	Heterogenous	among geodiversity	0.4244975442492655
1876	unweighted	16SrRNA	Intershrub	AS3006	AS3047	O1	Homogenous	H2	Heterogenous	among geodiversity	0.3856662009391106
1877	unweighted	16SrRNA	Intershrub	AS3006	AS3048	O1	Homogenous	H2	Heterogenous	among geodiversity	0.493048077831015
1878	unweighted	16SrRNA	Intershrub	AS3006	AS3049	O1	Homogenous	H2	Heterogenous	among geodiversity	0.3841367534761052
1879	unweighted	16SrRNA	Intershrub	AS3006	AS3055	O1	Homogenous	H3	Heterogenous	among geodiversity	0.43837254984782825
1880	unweighted	16SrRNA	Intershrub	AS3006	AS3056	O1	Homogenous	H3	Heterogenous	among geodiversity	0.3339498525358755
1881	unweighted	16SrRNA	Intershrub	AS3006	AS3057	O1	Homogenous	H3	Heterogenous	among geodiversity	0.3833240598405477
1882	unweighted	16SrRNA	Intershrub	AS3006	AS3058	O1	Homogenous	H3	Heterogenous	among geodiversity	0.3635497530079699
1883	unweighted	16SrRNA	Intershrub	AS3007	AS3015	O1	Homogenous	O2	Homogenous	within Homogenous	0.4226560160106164
1884	unweighted	16SrRNA	Intershrub	AS3007	AS3016	O1	Homogenous	O2	Homogenous	within Homogenous	0.4071071045728659
1885	unweighted	16SrRNA	Intershrub	AS3007	AS3017	O1	Homogenous	O2	Homogenous	within Homogenous	0.4530740636737682
1886	unweighted	16SrRNA	Intershrub	AS3007	AS3018	O1	Homogenous	O2	Homogenous	within Homogenous	0.3870493922963093
1887	unweighted	16SrRNA	Intershrub	AS3007	AS3019	O1	Homogenous	O2	Homogenous	within Homogenous	0.41199008374634055
1888	unweighted	16SrRNA	Intershrub	AS3007	AS3025	O1	Homogenous	O3	Homogenous	within Homogenous	0.34690107737949233
1889	unweighted	16SrRNA	Intershrub	AS3007	AS3027	O1	Homogenous	O3	Homogenous	within Homogenous	0.3891548896010091
1890	unweighted	16SrRNA	Intershrub	AS3007	AS3028	O1	Homogenous	O3	Homogenous	within Homogenous	0.4151552713114941
1891	unweighted	16SrRNA	Intershrub	AS3007	AS3029	O1	Homogenous	O3	Homogenous	within Homogenous	0.4444745538323995
1892	unweighted	16SrRNA	Intershrub	AS3007	AS3035	O1	Homogenous	H1	Heterogenous	among geodiversity	0.4329024465129609
1893	unweighted	16SrRNA	Intershrub	AS3007	AS3037	O1	Homogenous	H1	Heterogenous	among geodiversity	0.4767923396255934
1894	unweighted	16SrRNA	Intershrub	AS3007	AS3038	O1	Homogenous	H1	Heterogenous	among geodiversity	0.44169418865052457
1895	unweighted	16SrRNA	Intershrub	AS3007	AS3039	O1	Homogenous	H1	Heterogenous	among geodiversity	0.3975875996958263
1896	unweighted	16SrRNA	Intershrub	AS3007	AS3045	O1	Homogenous	H2	Heterogenous	among geodiversity	0.5475755223020754
1897	unweighted	16SrRNA	Intershrub	AS3007	AS3046	O1	Homogenous	H2	Heterogenous	among geodiversity	0.3909944679625321
1898	unweighted	16SrRNA	Intershrub	AS3007	AS3047	O1	Homogenous	H2	Heterogenous	among geodiversity	0.41532471976962493
1899	unweighted	16SrRNA	Intershrub	AS3007	AS3048	O1	Homogenous	H2	Heterogenous	among geodiversity	0.4490249844536179
1900	unweighted	16SrRNA	Intershrub	AS3007	AS3049	O1	Homogenous	H2	Heterogenous	among geodiversity	0.4176035840337087
1901	unweighted	16SrRNA	Intershrub	AS3007	AS3055	O1	Homogenous	H3	Heterogenous	among geodiversity	0.3969933017331225
1902	unweighted	16SrRNA	Intershrub	AS3007	AS3056	O1	Homogenous	H3	Heterogenous	among geodiversity	0.4079718009602536
1903	unweighted	16SrRNA	Intershrub	AS3007	AS3057	O1	Homogenous	H3	Heterogenous	among geodiversity	0.4312778134477496
1904	unweighted	16SrRNA	Intershrub	AS3007	AS3058	O1	Homogenous	H3	Heterogenous	among geodiversity	0.4020389497686303
1905	unweighted	16SrRNA	Shrub	AS3010	AS3020	O2	Homogenous	O3	Homogenous	within Homogenous	0.4144546128874228
1906	unweighted	16SrRNA	Shrub	AS3010	AS3021	O2	Homogenous	O3	Homogenous	within Homogenous	0.4479012229325021
1907	unweighted	16SrRNA	Shrub	AS3010	AS3022	O2	Homogenous	O3	Homogenous	within Homogenous	0.4991187327974869
1908	unweighted	16SrRNA	Shrub	AS3010	AS3023	O2	Homogenous	O3	Homogenous	within Homogenous	0.4889477740487697
1909	unweighted	16SrRNA	Shrub	AS3010	AS3024	O2	Homogenous	O3	Homogenous	within Homogenous	0.5045645095023423
1910	unweighted	16SrRNA	Shrub	AS3010	AS3031	O2	Homogenous	H1	Heterogenous	among geodiversity	0.4278768502849181
1911	unweighted	16SrRNA	Shrub	AS3010	AS3032	O2	Homogenous	H1	Heterogenous	among geodiversity	0.44164971440922096
1912	unweighted	16SrRNA	Shrub	AS3010	AS3033	O2	Homogenous	H1	Heterogenous	among geodiversity	0.474302589720544
1913	unweighted	16SrRNA	Shrub	AS3010	AS3034	O2	Homogenous	H1	Heterogenous	among geodiversity	0.4836702592153124
1914	unweighted	16SrRNA	Shrub	AS3010	AS3040	O2	Homogenous	H2	Heterogenous	among geodiversity	0.4144035915451844
1915	unweighted	16SrRNA	Shrub	AS3010	AS3041	O2	Homogenous	H2	Heterogenous	among geodiversity	0.3722698457375672
1916	unweighted	16SrRNA	Shrub	AS3010	AS3042	O2	Homogenous	H2	Heterogenous	among geodiversity	0.38591207868461336
1917	unweighted	16SrRNA	Shrub	AS3010	AS3043	O2	Homogenous	H2	Heterogenous	among geodiversity	0.4086404994383345
1918	unweighted	16SrRNA	Shrub	AS3010	AS3044	O2	Homogenous	H2	Heterogenous	among geodiversity	0.4583690985183994
1919	unweighted	16SrRNA	Shrub	AS3010	AS3050	O2	Homogenous	H3	Heterogenous	among geodiversity	0.5160488407674162
1920	unweighted	16SrRNA	Shrub	AS3010	AS3051	O2	Homogenous	H3	Heterogenous	among geodiversity	0.4187709048561684
1921	unweighted	16SrRNA	Shrub	AS3010	AS3054	O2	Homogenous	H3	Heterogenous	among geodiversity	0.4375678950865618
1922	unweighted	16SrRNA	Shrub	AS3011	AS3020	O2	Homogenous	O3	Homogenous	within Homogenous	0.4264473061549077
1923	unweighted	16SrRNA	Shrub	AS3011	AS3021	O2	Homogenous	O3	Homogenous	within Homogenous	0.4163652922739833
1924	unweighted	16SrRNA	Shrub	AS3011	AS3022	O2	Homogenous	O3	Homogenous	within Homogenous	0.4473412144242589
1925	unweighted	16SrRNA	Shrub	AS3011	AS3023	O2	Homogenous	O3	Homogenous	within Homogenous	0.44941152188925537
1926	unweighted	16SrRNA	Shrub	AS3011	AS3024	O2	Homogenous	O3	Homogenous	within Homogenous	0.44861635915629294
1927	unweighted	16SrRNA	Shrub	AS3011	AS3031	O2	Homogenous	H1	Heterogenous	among geodiversity	0.4852757780962682
1928	unweighted	16SrRNA	Shrub	AS3011	AS3032	O2	Homogenous	H1	Heterogenous	among geodiversity	0.4289072495831738
1929	unweighted	16SrRNA	Shrub	AS3011	AS3033	O2	Homogenous	H1	Heterogenous	among geodiversity	0.4322477709836475
1930	unweighted	16SrRNA	Shrub	AS3011	AS3034	O2	Homogenous	H1	Heterogenous	among geodiversity	0.4335060823730373
1931	unweighted	16SrRNA	Shrub	AS3011	AS3040	O2	Homogenous	H2	Heterogenous	among geodiversity	0.4806382837953546
1932	unweighted	16SrRNA	Shrub	AS3011	AS3041	O2	Homogenous	H2	Heterogenous	among geodiversity	0.443933027714465
1933	unweighted	16SrRNA	Shrub	AS3011	AS3042	O2	Homogenous	H2	Heterogenous	among geodiversity	0.4099331210846505
1934	unweighted	16SrRNA	Shrub	AS3011	AS3043	O2	Homogenous	H2	Heterogenous	among geodiversity	0.5140071397651735
1935	unweighted	16SrRNA	Shrub	AS3011	AS3044	O2	Homogenous	H2	Heterogenous	among geodiversity	0.4177943525101259
1936	unweighted	16SrRNA	Shrub	AS3011	AS3050	O2	Homogenous	H3	Heterogenous	among geodiversity	0.5129779474090569
1937	unweighted	16SrRNA	Shrub	AS3011	AS3051	O2	Homogenous	H3	Heterogenous	among geodiversity	0.4214535247634439
1938	unweighted	16SrRNA	Shrub	AS3011	AS3054	O2	Homogenous	H3	Heterogenous	among geodiversity	0.4556802697663878
1939	unweighted	16SrRNA	Shrub	AS3012	AS3020	O2	Homogenous	O3	Homogenous	within Homogenous	0.3900536474898521
1940	unweighted	16SrRNA	Shrub	AS3012	AS3021	O2	Homogenous	O3	Homogenous	within Homogenous	0.2982235839764989
1941	unweighted	16SrRNA	Shrub	AS3012	AS3022	O2	Homogenous	O3	Homogenous	within Homogenous	0.3765029430566945
1942	unweighted	16SrRNA	Shrub	AS3012	AS3023	O2	Homogenous	O3	Homogenous	within Homogenous	0.36014743476081634
1943	unweighted	16SrRNA	Shrub	AS3012	AS3024	O2	Homogenous	O3	Homogenous	within Homogenous	0.3588173076727373
1944	unweighted	16SrRNA	Shrub	AS3012	AS3031	O2	Homogenous	H1	Heterogenous	among geodiversity	0.5210010051103515
1945	unweighted	16SrRNA	Shrub	AS3012	AS3032	O2	Homogenous	H1	Heterogenous	among geodiversity	0.34070665427157226
1946	unweighted	16SrRNA	Shrub	AS3012	AS3033	O2	Homogenous	H1	Heterogenous	among geodiversity	0.38797812851330615
1947	unweighted	16SrRNA	Shrub	AS3012	AS3034	O2	Homogenous	H1	Heterogenous	among geodiversity	0.4091887616871585
1948	unweighted	16SrRNA	Shrub	AS3012	AS3040	O2	Homogenous	H2	Heterogenous	among geodiversity	0.4748522367221992
1949	unweighted	16SrRNA	Shrub	AS3012	AS3041	O2	Homogenous	H2	Heterogenous	among geodiversity	0.4628465940630033
1950	unweighted	16SrRNA	Shrub	AS3012	AS3042	O2	Homogenous	H2	Heterogenous	among geodiversity	0.4513059471792582
1951	unweighted	16SrRNA	Shrub	AS3012	AS3043	O2	Homogenous	H2	Heterogenous	among geodiversity	0.5529267587743457
1952	unweighted	16SrRNA	Shrub	AS3012	AS3044	O2	Homogenous	H2	Heterogenous	among geodiversity	0.4361174304621589
1953	unweighted	16SrRNA	Shrub	AS3012	AS3050	O2	Homogenous	H3	Heterogenous	among geodiversity	0.4035028552456052
1954	unweighted	16SrRNA	Shrub	AS3012	AS3051	O2	Homogenous	H3	Heterogenous	among geodiversity	0.3886217311504501
1955	unweighted	16SrRNA	Shrub	AS3012	AS3054	O2	Homogenous	H3	Heterogenous	among geodiversity	0.3789871058960224
1956	unweighted	16SrRNA	Shrub	AS3013	AS3020	O2	Homogenous	O3	Homogenous	within Homogenous	0.3921779053656551
1957	unweighted	16SrRNA	Shrub	AS3013	AS3021	O2	Homogenous	O3	Homogenous	within Homogenous	0.4194735259523099
1958	unweighted	16SrRNA	Shrub	AS3013	AS3022	O2	Homogenous	O3	Homogenous	within Homogenous	0.4407853292570027
1959	unweighted	16SrRNA	Shrub	AS3013	AS3023	O2	Homogenous	O3	Homogenous	within Homogenous	0.4714894465727146
1960	unweighted	16SrRNA	Shrub	AS3013	AS3024	O2	Homogenous	O3	Homogenous	within Homogenous	0.4134750272325325
1961	unweighted	16SrRNA	Shrub	AS3013	AS3031	O2	Homogenous	H1	Heterogenous	among geodiversity	0.4608442362005287
1962	unweighted	16SrRNA	Shrub	AS3013	AS3032	O2	Homogenous	H1	Heterogenous	among geodiversity	0.4265279352345477
1963	unweighted	16SrRNA	Shrub	AS3013	AS3033	O2	Homogenous	H1	Heterogenous	among geodiversity	0.4196504093535596
1964	unweighted	16SrRNA	Shrub	AS3013	AS3034	O2	Homogenous	H1	Heterogenous	among geodiversity	0.4183017724220786
1965	unweighted	16SrRNA	Shrub	AS3013	AS3040	O2	Homogenous	H2	Heterogenous	among geodiversity	0.4111439588999665
1966	unweighted	16SrRNA	Shrub	AS3013	AS3041	O2	Homogenous	H2	Heterogenous	among geodiversity	0.3960142420024579
1967	unweighted	16SrRNA	Shrub	AS3013	AS3042	O2	Homogenous	H2	Heterogenous	among geodiversity	0.4279261220925141
1968	unweighted	16SrRNA	Shrub	AS3013	AS3043	O2	Homogenous	H2	Heterogenous	among geodiversity	0.4495918888092655
1969	unweighted	16SrRNA	Shrub	AS3013	AS3044	O2	Homogenous	H2	Heterogenous	among geodiversity	0.4220900519468563
1970	unweighted	16SrRNA	Shrub	AS3013	AS3050	O2	Homogenous	H3	Heterogenous	among geodiversity	0.4752938855539745
1971	unweighted	16SrRNA	Shrub	AS3013	AS3051	O2	Homogenous	H3	Heterogenous	among geodiversity	0.3893574441998939
1972	unweighted	16SrRNA	Shrub	AS3013	AS3054	O2	Homogenous	H3	Heterogenous	among geodiversity	0.4066405656386009
1973	unweighted	16SrRNA	Shrub	AS3014	AS3020	O2	Homogenous	O3	Homogenous	within Homogenous	0.4262617915266063
1974	unweighted	16SrRNA	Shrub	AS3014	AS3021	O2	Homogenous	O3	Homogenous	within Homogenous	0.437875407818892
1975	unweighted	16SrRNA	Shrub	AS3014	AS3022	O2	Homogenous	O3	Homogenous	within Homogenous	0.49847512683398204
1976	unweighted	16SrRNA	Shrub	AS3014	AS3023	O2	Homogenous	O3	Homogenous	within Homogenous	0.4633175721823074
1977	unweighted	16SrRNA	Shrub	AS3014	AS3024	O2	Homogenous	O3	Homogenous	within Homogenous	0.4915854478347164
1978	unweighted	16SrRNA	Shrub	AS3014	AS3031	O2	Homogenous	H1	Heterogenous	among geodiversity	0.4034285619216
1979	unweighted	16SrRNA	Shrub	AS3014	AS3032	O2	Homogenous	H1	Heterogenous	among geodiversity	0.4621745332240652
1980	unweighted	16SrRNA	Shrub	AS3014	AS3033	O2	Homogenous	H1	Heterogenous	among geodiversity	0.4636182283343435
1981	unweighted	16SrRNA	Shrub	AS3014	AS3034	O2	Homogenous	H1	Heterogenous	among geodiversity	0.4611458270472193
1982	unweighted	16SrRNA	Shrub	AS3014	AS3040	O2	Homogenous	H2	Heterogenous	among geodiversity	0.36015207540228744
1983	unweighted	16SrRNA	Shrub	AS3014	AS3041	O2	Homogenous	H2	Heterogenous	among geodiversity	0.4020279602887541
1984	unweighted	16SrRNA	Shrub	AS3014	AS3042	O2	Homogenous	H2	Heterogenous	among geodiversity	0.4147440822463653
1985	unweighted	16SrRNA	Shrub	AS3014	AS3043	O2	Homogenous	H2	Heterogenous	among geodiversity	0.3705320581640327
1986	unweighted	16SrRNA	Shrub	AS3014	AS3044	O2	Homogenous	H2	Heterogenous	among geodiversity	0.4554541619058126
1987	unweighted	16SrRNA	Shrub	AS3014	AS3050	O2	Homogenous	H3	Heterogenous	among geodiversity	0.5006415622450152
1988	unweighted	16SrRNA	Shrub	AS3014	AS3051	O2	Homogenous	H3	Heterogenous	among geodiversity	0.424619038902734
1989	unweighted	16SrRNA	Shrub	AS3014	AS3054	O2	Homogenous	H3	Heterogenous	among geodiversity	0.4513427732173066
1990	unweighted	16SrRNA	Intershrub	AS3015	AS3025	O2	Homogenous	O3	Homogenous	within Homogenous	0.4249560197117737
1991	unweighted	16SrRNA	Intershrub	AS3015	AS3027	O2	Homogenous	O3	Homogenous	within Homogenous	0.4207130259780759
1992	unweighted	16SrRNA	Intershrub	AS3015	AS3028	O2	Homogenous	O3	Homogenous	within Homogenous	0.3505968141252055
1993	unweighted	16SrRNA	Intershrub	AS3015	AS3029	O2	Homogenous	O3	Homogenous	within Homogenous	0.4354694328033474
1994	unweighted	16SrRNA	Intershrub	AS3015	AS3035	O2	Homogenous	H1	Heterogenous	among geodiversity	0.4738016114031731
1995	unweighted	16SrRNA	Intershrub	AS3015	AS3037	O2	Homogenous	H1	Heterogenous	among geodiversity	0.48724756280579
1996	unweighted	16SrRNA	Intershrub	AS3015	AS3038	O2	Homogenous	H1	Heterogenous	among geodiversity	0.4729319839697415
1997	unweighted	16SrRNA	Intershrub	AS3015	AS3039	O2	Homogenous	H1	Heterogenous	among geodiversity	0.4328085821153347
1998	unweighted	16SrRNA	Intershrub	AS3015	AS3045	O2	Homogenous	H2	Heterogenous	among geodiversity	0.4888778064702734
1999	unweighted	16SrRNA	Intershrub	AS3015	AS3046	O2	Homogenous	H2	Heterogenous	among geodiversity	0.4105261984408569
2000	unweighted	16SrRNA	Intershrub	AS3015	AS3047	O2	Homogenous	H2	Heterogenous	among geodiversity	0.4620227760833301
2001	unweighted	16SrRNA	Intershrub	AS3015	AS3048	O2	Homogenous	H2	Heterogenous	among geodiversity	0.3797484991981136
2002	unweighted	16SrRNA	Intershrub	AS3015	AS3049	O2	Homogenous	H2	Heterogenous	among geodiversity	0.4714575460704494
2003	unweighted	16SrRNA	Intershrub	AS3015	AS3055	O2	Homogenous	H3	Heterogenous	among geodiversity	0.3582703634416133
2004	unweighted	16SrRNA	Intershrub	AS3015	AS3056	O2	Homogenous	H3	Heterogenous	among geodiversity	0.4393564567363421
2005	unweighted	16SrRNA	Intershrub	AS3015	AS3057	O2	Homogenous	H3	Heterogenous	among geodiversity	0.4009644515567465
2006	unweighted	16SrRNA	Intershrub	AS3015	AS3058	O2	Homogenous	H3	Heterogenous	among geodiversity	0.4916742190547327
2007	unweighted	16SrRNA	Intershrub	AS3016	AS3025	O2	Homogenous	O3	Homogenous	within Homogenous	0.44440970569613053
2008	unweighted	16SrRNA	Intershrub	AS3016	AS3027	O2	Homogenous	O3	Homogenous	within Homogenous	0.4314473474061108
2009	unweighted	16SrRNA	Intershrub	AS3016	AS3028	O2	Homogenous	O3	Homogenous	within Homogenous	0.3800242743685404
2010	unweighted	16SrRNA	Intershrub	AS3016	AS3029	O2	Homogenous	O3	Homogenous	within Homogenous	0.4911014450473088
2011	unweighted	16SrRNA	Intershrub	AS3016	AS3035	O2	Homogenous	H1	Heterogenous	among geodiversity	0.44117654208478224
2012	unweighted	16SrRNA	Intershrub	AS3016	AS3037	O2	Homogenous	H1	Heterogenous	among geodiversity	0.5086987063365863
2013	unweighted	16SrRNA	Intershrub	AS3016	AS3038	O2	Homogenous	H1	Heterogenous	among geodiversity	0.4590909108767337
2014	unweighted	16SrRNA	Intershrub	AS3016	AS3039	O2	Homogenous	H1	Heterogenous	among geodiversity	0.4292119878040864
2015	unweighted	16SrRNA	Intershrub	AS3016	AS3045	O2	Homogenous	H2	Heterogenous	among geodiversity	0.5294319167188928
2016	unweighted	16SrRNA	Intershrub	AS3016	AS3046	O2	Homogenous	H2	Heterogenous	among geodiversity	0.4220065509073129
2017	unweighted	16SrRNA	Intershrub	AS3016	AS3047	O2	Homogenous	H2	Heterogenous	among geodiversity	0.3964831847138952
2018	unweighted	16SrRNA	Intershrub	AS3016	AS3048	O2	Homogenous	H2	Heterogenous	among geodiversity	0.4260676146707911
2019	unweighted	16SrRNA	Intershrub	AS3016	AS3049	O2	Homogenous	H2	Heterogenous	among geodiversity	0.4355418720116924
2020	unweighted	16SrRNA	Intershrub	AS3016	AS3055	O2	Homogenous	H3	Heterogenous	among geodiversity	0.3988114621714055
2021	unweighted	16SrRNA	Intershrub	AS3016	AS3056	O2	Homogenous	H3	Heterogenous	among geodiversity	0.4068416414767488
2022	unweighted	16SrRNA	Intershrub	AS3016	AS3057	O2	Homogenous	H3	Heterogenous	among geodiversity	0.3883586011525128
2023	unweighted	16SrRNA	Intershrub	AS3016	AS3058	O2	Homogenous	H3	Heterogenous	among geodiversity	0.4401768109355801
2024	unweighted	16SrRNA	Intershrub	AS3017	AS3025	O2	Homogenous	O3	Homogenous	within Homogenous	0.4598631710843924
2025	unweighted	16SrRNA	Intershrub	AS3017	AS3027	O2	Homogenous	O3	Homogenous	within Homogenous	0.4953976157588832
2026	unweighted	16SrRNA	Intershrub	AS3017	AS3028	O2	Homogenous	O3	Homogenous	within Homogenous	0.4216890752965627
2027	unweighted	16SrRNA	Intershrub	AS3017	AS3029	O2	Homogenous	O3	Homogenous	within Homogenous	0.5464670687872825
2028	unweighted	16SrRNA	Intershrub	AS3017	AS3035	O2	Homogenous	H1	Heterogenous	among geodiversity	0.41722263733236103
2029	unweighted	16SrRNA	Intershrub	AS3017	AS3037	O2	Homogenous	H1	Heterogenous	among geodiversity	0.5600126625838001
2030	unweighted	16SrRNA	Intershrub	AS3017	AS3038	O2	Homogenous	H1	Heterogenous	among geodiversity	0.5086153822657438
2031	unweighted	16SrRNA	Intershrub	AS3017	AS3039	O2	Homogenous	H1	Heterogenous	among geodiversity	0.5042520927528296
2032	unweighted	16SrRNA	Intershrub	AS3017	AS3045	O2	Homogenous	H2	Heterogenous	among geodiversity	0.5705306125835596
2033	unweighted	16SrRNA	Intershrub	AS3017	AS3046	O2	Homogenous	H2	Heterogenous	among geodiversity	0.4742923073067776
2034	unweighted	16SrRNA	Intershrub	AS3017	AS3047	O2	Homogenous	H2	Heterogenous	among geodiversity	0.4254600096204032
2035	unweighted	16SrRNA	Intershrub	AS3017	AS3048	O2	Homogenous	H2	Heterogenous	among geodiversity	0.4855028933728354
2036	unweighted	16SrRNA	Intershrub	AS3017	AS3049	O2	Homogenous	H2	Heterogenous	among geodiversity	0.4559271723546976
2037	unweighted	16SrRNA	Intershrub	AS3017	AS3055	O2	Homogenous	H3	Heterogenous	among geodiversity	0.4847719473354844
2038	unweighted	16SrRNA	Intershrub	AS3017	AS3056	O2	Homogenous	H3	Heterogenous	among geodiversity	0.4142933170127833
2039	unweighted	16SrRNA	Intershrub	AS3017	AS3057	O2	Homogenous	H3	Heterogenous	among geodiversity	0.3557897973360957
2040	unweighted	16SrRNA	Intershrub	AS3017	AS3058	O2	Homogenous	H3	Heterogenous	among geodiversity	0.4468460289416911
2041	unweighted	16SrRNA	Intershrub	AS3018	AS3025	O2	Homogenous	O3	Homogenous	within Homogenous	0.4222467522027695
2042	unweighted	16SrRNA	Intershrub	AS3018	AS3027	O2	Homogenous	O3	Homogenous	within Homogenous	0.4290150152617806
2043	unweighted	16SrRNA	Intershrub	AS3018	AS3028	O2	Homogenous	O3	Homogenous	within Homogenous	0.39443964610881393
2044	unweighted	16SrRNA	Intershrub	AS3018	AS3029	O2	Homogenous	O3	Homogenous	within Homogenous	0.4190002686522276
2045	unweighted	16SrRNA	Intershrub	AS3018	AS3035	O2	Homogenous	H1	Heterogenous	among geodiversity	0.4541367577857115
2046	unweighted	16SrRNA	Intershrub	AS3018	AS3037	O2	Homogenous	H1	Heterogenous	among geodiversity	0.4438217776706185
2047	unweighted	16SrRNA	Intershrub	AS3018	AS3038	O2	Homogenous	H1	Heterogenous	among geodiversity	0.4308620502586705
2048	unweighted	16SrRNA	Intershrub	AS3018	AS3039	O2	Homogenous	H1	Heterogenous	among geodiversity	0.3954117028026253
2049	unweighted	16SrRNA	Intershrub	AS3018	AS3045	O2	Homogenous	H2	Heterogenous	among geodiversity	0.4526904815022507
2050	unweighted	16SrRNA	Intershrub	AS3018	AS3046	O2	Homogenous	H2	Heterogenous	among geodiversity	0.4082334936456929
2051	unweighted	16SrRNA	Intershrub	AS3018	AS3047	O2	Homogenous	H2	Heterogenous	among geodiversity	0.4127271360355765
2052	unweighted	16SrRNA	Intershrub	AS3018	AS3048	O2	Homogenous	H2	Heterogenous	among geodiversity	0.3693474922048501
2053	unweighted	16SrRNA	Intershrub	AS3018	AS3049	O2	Homogenous	H2	Heterogenous	among geodiversity	0.4540754423152139
2054	unweighted	16SrRNA	Intershrub	AS3018	AS3055	O2	Homogenous	H3	Heterogenous	among geodiversity	0.3608361237412109
2055	unweighted	16SrRNA	Intershrub	AS3018	AS3056	O2	Homogenous	H3	Heterogenous	among geodiversity	0.4118482552074171
2056	unweighted	16SrRNA	Intershrub	AS3018	AS3057	O2	Homogenous	H3	Heterogenous	among geodiversity	0.3699201507997739
2057	unweighted	16SrRNA	Intershrub	AS3018	AS3058	O2	Homogenous	H3	Heterogenous	among geodiversity	0.4607922191965904
2058	unweighted	16SrRNA	Intershrub	AS3019	AS3025	O2	Homogenous	O3	Homogenous	within Homogenous	0.42086929097747217
2059	unweighted	16SrRNA	Intershrub	AS3019	AS3027	O2	Homogenous	O3	Homogenous	within Homogenous	0.3926822708001876
2060	unweighted	16SrRNA	Intershrub	AS3019	AS3028	O2	Homogenous	O3	Homogenous	within Homogenous	0.3857498612292423
2061	unweighted	16SrRNA	Intershrub	AS3019	AS3029	O2	Homogenous	O3	Homogenous	within Homogenous	0.4109723661907497
2062	unweighted	16SrRNA	Intershrub	AS3019	AS3035	O2	Homogenous	H1	Heterogenous	among geodiversity	0.4790611284846047
2063	unweighted	16SrRNA	Intershrub	AS3019	AS3037	O2	Homogenous	H1	Heterogenous	among geodiversity	0.468423090084372
2064	unweighted	16SrRNA	Intershrub	AS3019	AS3038	O2	Homogenous	H1	Heterogenous	among geodiversity	0.46755537465101793
2065	unweighted	16SrRNA	Intershrub	AS3019	AS3039	O2	Homogenous	H1	Heterogenous	among geodiversity	0.41151358680137584
2066	unweighted	16SrRNA	Intershrub	AS3019	AS3045	O2	Homogenous	H2	Heterogenous	among geodiversity	0.4788874597334966
2067	unweighted	16SrRNA	Intershrub	AS3019	AS3046	O2	Homogenous	H2	Heterogenous	among geodiversity	0.3671530667538928
2068	unweighted	16SrRNA	Intershrub	AS3019	AS3047	O2	Homogenous	H2	Heterogenous	among geodiversity	0.4450528724392637
2069	unweighted	16SrRNA	Intershrub	AS3019	AS3048	O2	Homogenous	H2	Heterogenous	among geodiversity	0.3794968430750022
2070	unweighted	16SrRNA	Intershrub	AS3019	AS3049	O2	Homogenous	H2	Heterogenous	among geodiversity	0.4810154077177594
2071	unweighted	16SrRNA	Intershrub	AS3019	AS3055	O2	Homogenous	H3	Heterogenous	among geodiversity	0.353469875137117
2072	unweighted	16SrRNA	Intershrub	AS3019	AS3056	O2	Homogenous	H3	Heterogenous	among geodiversity	0.4281871559321959
2073	unweighted	16SrRNA	Intershrub	AS3019	AS3057	O2	Homogenous	H3	Heterogenous	among geodiversity	0.3633275990397408
2074	unweighted	16SrRNA	Intershrub	AS3019	AS3058	O2	Homogenous	H3	Heterogenous	among geodiversity	0.4742729415704162
2075	unweighted	16SrRNA	Shrub	AS3020	AS3031	O3	Homogenous	H1	Heterogenous	among geodiversity	0.4689744748740205
2076	unweighted	16SrRNA	Shrub	AS3020	AS3032	O3	Homogenous	H1	Heterogenous	among geodiversity	0.3780314777932309
2077	unweighted	16SrRNA	Shrub	AS3020	AS3033	O3	Homogenous	H1	Heterogenous	among geodiversity	0.3840666283277008
2078	unweighted	16SrRNA	Shrub	AS3020	AS3034	O3	Homogenous	H1	Heterogenous	among geodiversity	0.3885117757073011
2079	unweighted	16SrRNA	Shrub	AS3020	AS3040	O3	Homogenous	H2	Heterogenous	among geodiversity	0.4604106075443253
2080	unweighted	16SrRNA	Shrub	AS3020	AS3041	O3	Homogenous	H2	Heterogenous	among geodiversity	0.3725119920822359
2081	unweighted	16SrRNA	Shrub	AS3020	AS3042	O3	Homogenous	H2	Heterogenous	among geodiversity	0.4287089575062997
2082	unweighted	16SrRNA	Shrub	AS3020	AS3043	O3	Homogenous	H2	Heterogenous	among geodiversity	0.48306014657280794
2083	unweighted	16SrRNA	Shrub	AS3020	AS3044	O3	Homogenous	H2	Heterogenous	among geodiversity	0.389165059219074
2084	unweighted	16SrRNA	Shrub	AS3020	AS3050	O3	Homogenous	H3	Heterogenous	among geodiversity	0.4603697126086192
2085	unweighted	16SrRNA	Shrub	AS3020	AS3051	O3	Homogenous	H3	Heterogenous	among geodiversity	0.3748868736952404
2086	unweighted	16SrRNA	Shrub	AS3020	AS3054	O3	Homogenous	H3	Heterogenous	among geodiversity	0.39815759408059204
2087	unweighted	16SrRNA	Shrub	AS3021	AS3031	O3	Homogenous	H1	Heterogenous	among geodiversity	0.4937604728569704
2088	unweighted	16SrRNA	Shrub	AS3021	AS3032	O3	Homogenous	H1	Heterogenous	among geodiversity	0.34515275717419763
2089	unweighted	16SrRNA	Shrub	AS3021	AS3033	O3	Homogenous	H1	Heterogenous	among geodiversity	0.3789303469946291
2090	unweighted	16SrRNA	Shrub	AS3021	AS3034	O3	Homogenous	H1	Heterogenous	among geodiversity	0.3509262692498085
2091	unweighted	16SrRNA	Shrub	AS3021	AS3040	O3	Homogenous	H2	Heterogenous	among geodiversity	0.4600614526198075
2092	unweighted	16SrRNA	Shrub	AS3021	AS3041	O3	Homogenous	H2	Heterogenous	among geodiversity	0.3892587803922005
2093	unweighted	16SrRNA	Shrub	AS3021	AS3042	O3	Homogenous	H2	Heterogenous	among geodiversity	0.4235028442296652
2094	unweighted	16SrRNA	Shrub	AS3021	AS3043	O3	Homogenous	H2	Heterogenous	among geodiversity	0.5221925372643014
2095	unweighted	16SrRNA	Shrub	AS3021	AS3044	O3	Homogenous	H2	Heterogenous	among geodiversity	0.4002512903093568
2096	unweighted	16SrRNA	Shrub	AS3021	AS3050	O3	Homogenous	H3	Heterogenous	among geodiversity	0.42212569846604414
2097	unweighted	16SrRNA	Shrub	AS3021	AS3051	O3	Homogenous	H3	Heterogenous	among geodiversity	0.3725648231659405
2098	unweighted	16SrRNA	Shrub	AS3021	AS3054	O3	Homogenous	H3	Heterogenous	among geodiversity	0.3389402998402981
2099	unweighted	16SrRNA	Shrub	AS3022	AS3031	O3	Homogenous	H1	Heterogenous	among geodiversity	0.5133825174735773
2100	unweighted	16SrRNA	Shrub	AS3022	AS3032	O3	Homogenous	H1	Heterogenous	among geodiversity	0.389371458493804
2101	unweighted	16SrRNA	Shrub	AS3022	AS3033	O3	Homogenous	H1	Heterogenous	among geodiversity	0.4055659390894925
2102	unweighted	16SrRNA	Shrub	AS3022	AS3034	O3	Homogenous	H1	Heterogenous	among geodiversity	0.3906112985984985
2103	unweighted	16SrRNA	Shrub	AS3022	AS3040	O3	Homogenous	H2	Heterogenous	among geodiversity	0.5072057752434187
2104	unweighted	16SrRNA	Shrub	AS3022	AS3041	O3	Homogenous	H2	Heterogenous	among geodiversity	0.4480805370891828
2105	unweighted	16SrRNA	Shrub	AS3022	AS3042	O3	Homogenous	H2	Heterogenous	among geodiversity	0.4591621145660429
2106	unweighted	16SrRNA	Shrub	AS3022	AS3043	O3	Homogenous	H2	Heterogenous	among geodiversity	0.5423521164641285
2107	unweighted	16SrRNA	Shrub	AS3022	AS3044	O3	Homogenous	H2	Heterogenous	among geodiversity	0.4359887603530331
2108	unweighted	16SrRNA	Shrub	AS3022	AS3050	O3	Homogenous	H3	Heterogenous	among geodiversity	0.3889076682042576
2109	unweighted	16SrRNA	Shrub	AS3022	AS3051	O3	Homogenous	H3	Heterogenous	among geodiversity	0.39683130694822544
2110	unweighted	16SrRNA	Shrub	AS3022	AS3054	O3	Homogenous	H3	Heterogenous	among geodiversity	0.3924129446040819
2111	unweighted	16SrRNA	Shrub	AS3023	AS3031	O3	Homogenous	H1	Heterogenous	among geodiversity	0.484200517110769
2112	unweighted	16SrRNA	Shrub	AS3023	AS3032	O3	Homogenous	H1	Heterogenous	among geodiversity	0.4008067979660879
2113	unweighted	16SrRNA	Shrub	AS3023	AS3033	O3	Homogenous	H1	Heterogenous	among geodiversity	0.42168343171016137
2114	unweighted	16SrRNA	Shrub	AS3023	AS3034	O3	Homogenous	H1	Heterogenous	among geodiversity	0.4362201561402691
2115	unweighted	16SrRNA	Shrub	AS3023	AS3040	O3	Homogenous	H2	Heterogenous	among geodiversity	0.4793685173902258
2116	unweighted	16SrRNA	Shrub	AS3023	AS3041	O3	Homogenous	H2	Heterogenous	among geodiversity	0.4741518868288802
2117	unweighted	16SrRNA	Shrub	AS3023	AS3042	O3	Homogenous	H2	Heterogenous	among geodiversity	0.4816250169427776
2118	unweighted	16SrRNA	Shrub	AS3023	AS3043	O3	Homogenous	H2	Heterogenous	among geodiversity	0.5104037988917299
2119	unweighted	16SrRNA	Shrub	AS3023	AS3044	O3	Homogenous	H2	Heterogenous	among geodiversity	0.456276598271799
2120	unweighted	16SrRNA	Shrub	AS3023	AS3050	O3	Homogenous	H3	Heterogenous	among geodiversity	0.3705386620243077
2121	unweighted	16SrRNA	Shrub	AS3023	AS3051	O3	Homogenous	H3	Heterogenous	among geodiversity	0.4291416621131584
2122	unweighted	16SrRNA	Shrub	AS3023	AS3054	O3	Homogenous	H3	Heterogenous	among geodiversity	0.4281093396743844
2123	unweighted	16SrRNA	Shrub	AS3024	AS3031	O3	Homogenous	H1	Heterogenous	among geodiversity	0.5146533662363388
2124	unweighted	16SrRNA	Shrub	AS3024	AS3032	O3	Homogenous	H1	Heterogenous	among geodiversity	0.3496664770146973
2125	unweighted	16SrRNA	Shrub	AS3024	AS3033	O3	Homogenous	H1	Heterogenous	among geodiversity	0.3980511178468094
2126	unweighted	16SrRNA	Shrub	AS3024	AS3034	O3	Homogenous	H1	Heterogenous	among geodiversity	0.3751011793057529
2127	unweighted	16SrRNA	Shrub	AS3024	AS3040	O3	Homogenous	H2	Heterogenous	among geodiversity	0.4598419776266844
2128	unweighted	16SrRNA	Shrub	AS3024	AS3041	O3	Homogenous	H2	Heterogenous	among geodiversity	0.4095394640496543
2129	unweighted	16SrRNA	Shrub	AS3024	AS3042	O3	Homogenous	H2	Heterogenous	among geodiversity	0.42241076498471775
2130	unweighted	16SrRNA	Shrub	AS3024	AS3043	O3	Homogenous	H2	Heterogenous	among geodiversity	0.5442340488393375
2131	unweighted	16SrRNA	Shrub	AS3024	AS3044	O3	Homogenous	H2	Heterogenous	among geodiversity	0.4184303668039005
2132	unweighted	16SrRNA	Shrub	AS3024	AS3050	O3	Homogenous	H3	Heterogenous	among geodiversity	0.4235375952980119
2133	unweighted	16SrRNA	Shrub	AS3024	AS3051	O3	Homogenous	H3	Heterogenous	among geodiversity	0.37909716188099946
2134	unweighted	16SrRNA	Shrub	AS3024	AS3054	O3	Homogenous	H3	Heterogenous	among geodiversity	0.3717566130118744
2135	unweighted	16SrRNA	Intershrub	AS3025	AS3035	O3	Homogenous	H1	Heterogenous	among geodiversity	0.4249173867813715
2136	unweighted	16SrRNA	Intershrub	AS3025	AS3037	O3	Homogenous	H1	Heterogenous	among geodiversity	0.5073067134444282
2137	unweighted	16SrRNA	Intershrub	AS3025	AS3038	O3	Homogenous	H1	Heterogenous	among geodiversity	0.49207572566229707
2138	unweighted	16SrRNA	Intershrub	AS3025	AS3039	O3	Homogenous	H1	Heterogenous	among geodiversity	0.40555036913104303
2139	unweighted	16SrRNA	Intershrub	AS3025	AS3045	O3	Homogenous	H2	Heterogenous	among geodiversity	0.5499717968202427
2140	unweighted	16SrRNA	Intershrub	AS3025	AS3046	O3	Homogenous	H2	Heterogenous	among geodiversity	0.4283256327682582
2141	unweighted	16SrRNA	Intershrub	AS3025	AS3047	O3	Homogenous	H2	Heterogenous	among geodiversity	0.4096174992592272
2142	unweighted	16SrRNA	Intershrub	AS3025	AS3048	O3	Homogenous	H2	Heterogenous	among geodiversity	0.4838156268241061
2143	unweighted	16SrRNA	Intershrub	AS3025	AS3049	O3	Homogenous	H2	Heterogenous	among geodiversity	0.42368207133178665
2144	unweighted	16SrRNA	Intershrub	AS3025	AS3055	O3	Homogenous	H3	Heterogenous	among geodiversity	0.4470107866939959
2145	unweighted	16SrRNA	Intershrub	AS3025	AS3056	O3	Homogenous	H3	Heterogenous	among geodiversity	0.37068140481201095
2146	unweighted	16SrRNA	Intershrub	AS3025	AS3057	O3	Homogenous	H3	Heterogenous	among geodiversity	0.4200603669333272
2147	unweighted	16SrRNA	Intershrub	AS3025	AS3058	O3	Homogenous	H3	Heterogenous	among geodiversity	0.3988156739243355
2148	unweighted	16SrRNA	Intershrub	AS3027	AS3035	O3	Homogenous	H1	Heterogenous	among geodiversity	0.4691206577231484
2149	unweighted	16SrRNA	Intershrub	AS3027	AS3037	O3	Homogenous	H1	Heterogenous	among geodiversity	0.4947432357981489
2150	unweighted	16SrRNA	Intershrub	AS3027	AS3038	O3	Homogenous	H1	Heterogenous	among geodiversity	0.4729533773302617
2151	unweighted	16SrRNA	Intershrub	AS3027	AS3039	O3	Homogenous	H1	Heterogenous	among geodiversity	0.3614660787660976
2152	unweighted	16SrRNA	Intershrub	AS3027	AS3045	O3	Homogenous	H2	Heterogenous	among geodiversity	0.5096214193730696
2153	unweighted	16SrRNA	Intershrub	AS3027	AS3046	O3	Homogenous	H2	Heterogenous	among geodiversity	0.3702064398842199
2154	unweighted	16SrRNA	Intershrub	AS3027	AS3047	O3	Homogenous	H2	Heterogenous	among geodiversity	0.4382624725337464
2155	unweighted	16SrRNA	Intershrub	AS3027	AS3048	O3	Homogenous	H2	Heterogenous	among geodiversity	0.4323184544803828
2156	unweighted	16SrRNA	Intershrub	AS3027	AS3049	O3	Homogenous	H2	Heterogenous	among geodiversity	0.4559572095309428
2157	unweighted	16SrRNA	Intershrub	AS3027	AS3055	O3	Homogenous	H3	Heterogenous	among geodiversity	0.3660342142937735
2158	unweighted	16SrRNA	Intershrub	AS3027	AS3056	O3	Homogenous	H3	Heterogenous	among geodiversity	0.4039525197864562
2159	unweighted	16SrRNA	Intershrub	AS3027	AS3057	O3	Homogenous	H3	Heterogenous	among geodiversity	0.4235532553711773
2160	unweighted	16SrRNA	Intershrub	AS3027	AS3058	O3	Homogenous	H3	Heterogenous	among geodiversity	0.3792825087585498
2161	unweighted	16SrRNA	Intershrub	AS3028	AS3035	O3	Homogenous	H1	Heterogenous	among geodiversity	0.4580516278371046
2162	unweighted	16SrRNA	Intershrub	AS3028	AS3037	O3	Homogenous	H1	Heterogenous	among geodiversity	0.4655983403409977
2163	unweighted	16SrRNA	Intershrub	AS3028	AS3038	O3	Homogenous	H1	Heterogenous	among geodiversity	0.4561535589090074
2164	unweighted	16SrRNA	Intershrub	AS3028	AS3039	O3	Homogenous	H1	Heterogenous	among geodiversity	0.376052007355816
2165	unweighted	16SrRNA	Intershrub	AS3028	AS3045	O3	Homogenous	H2	Heterogenous	among geodiversity	0.4795272990331284
2166	unweighted	16SrRNA	Intershrub	AS3028	AS3046	O3	Homogenous	H2	Heterogenous	among geodiversity	0.346849264516529
2167	unweighted	16SrRNA	Intershrub	AS3028	AS3047	O3	Homogenous	H2	Heterogenous	among geodiversity	0.4323860022779585
2168	unweighted	16SrRNA	Intershrub	AS3028	AS3048	O3	Homogenous	H2	Heterogenous	among geodiversity	0.4174077144107717
2169	unweighted	16SrRNA	Intershrub	AS3028	AS3049	O3	Homogenous	H2	Heterogenous	among geodiversity	0.4446175581714554
2170	unweighted	16SrRNA	Intershrub	AS3028	AS3055	O3	Homogenous	H3	Heterogenous	among geodiversity	0.3748620353244865
2171	unweighted	16SrRNA	Intershrub	AS3028	AS3056	O3	Homogenous	H3	Heterogenous	among geodiversity	0.4262784103832851
2172	unweighted	16SrRNA	Intershrub	AS3028	AS3057	O3	Homogenous	H3	Heterogenous	among geodiversity	0.4156442387058231
2173	unweighted	16SrRNA	Intershrub	AS3028	AS3058	O3	Homogenous	H3	Heterogenous	among geodiversity	0.4662892890404763
2174	unweighted	16SrRNA	Intershrub	AS3029	AS3035	O3	Homogenous	H1	Heterogenous	among geodiversity	0.5584705494410449
2175	unweighted	16SrRNA	Intershrub	AS3029	AS3037	O3	Homogenous	H1	Heterogenous	among geodiversity	0.4900921158035961
2176	unweighted	16SrRNA	Intershrub	AS3029	AS3038	O3	Homogenous	H1	Heterogenous	among geodiversity	0.4994088597498651
2177	unweighted	16SrRNA	Intershrub	AS3029	AS3039	O3	Homogenous	H1	Heterogenous	among geodiversity	0.4033729452400204
2178	unweighted	16SrRNA	Intershrub	AS3029	AS3045	O3	Homogenous	H2	Heterogenous	among geodiversity	0.4241578169851694
2179	unweighted	16SrRNA	Intershrub	AS3029	AS3046	O3	Homogenous	H2	Heterogenous	among geodiversity	0.3976888609260446
2180	unweighted	16SrRNA	Intershrub	AS3029	AS3047	O3	Homogenous	H2	Heterogenous	among geodiversity	0.5310081976366304
2181	unweighted	16SrRNA	Intershrub	AS3029	AS3048	O3	Homogenous	H2	Heterogenous	among geodiversity	0.3914969894357831
2182	unweighted	16SrRNA	Intershrub	AS3029	AS3049	O3	Homogenous	H2	Heterogenous	among geodiversity	0.5378487175724627
2183	unweighted	16SrRNA	Intershrub	AS3029	AS3055	O3	Homogenous	H3	Heterogenous	among geodiversity	0.3945618582870165
2184	unweighted	16SrRNA	Intershrub	AS3029	AS3056	O3	Homogenous	H3	Heterogenous	among geodiversity	0.4993141922483905
2185	unweighted	16SrRNA	Intershrub	AS3029	AS3057	O3	Homogenous	H3	Heterogenous	among geodiversity	0.4816779620360753
2186	unweighted	16SrRNA	Intershrub	AS3029	AS3058	O3	Homogenous	H3	Heterogenous	among geodiversity	0.5259125287088549
2187	unweighted	16SrRNA	Shrub	AS3031	AS3040	H1	Heterogenous	H2	Heterogenous	within Heterogenous	0.4441403926993287
2188	unweighted	16SrRNA	Shrub	AS3031	AS3041	H1	Heterogenous	H2	Heterogenous	within Heterogenous	0.4551606801042258
2189	unweighted	16SrRNA	Shrub	AS3031	AS3042	H1	Heterogenous	H2	Heterogenous	within Heterogenous	0.4604626166720718
2190	unweighted	16SrRNA	Shrub	AS3031	AS3043	H1	Heterogenous	H2	Heterogenous	within Heterogenous	0.3433009628584443
2191	unweighted	16SrRNA	Shrub	AS3031	AS3044	H1	Heterogenous	H2	Heterogenous	within Heterogenous	0.4961084202076278
2192	unweighted	16SrRNA	Shrub	AS3031	AS3050	H1	Heterogenous	H3	Heterogenous	within Heterogenous	0.5322412069868317
2193	unweighted	16SrRNA	Shrub	AS3031	AS3051	H1	Heterogenous	H3	Heterogenous	within Heterogenous	0.4697782953529637
2194	unweighted	16SrRNA	Shrub	AS3031	AS3054	H1	Heterogenous	H3	Heterogenous	within Heterogenous	0.4537879636752417
2195	unweighted	16SrRNA	Shrub	AS3032	AS3040	H1	Heterogenous	H2	Heterogenous	within Heterogenous	0.4207048328778268
2196	unweighted	16SrRNA	Shrub	AS3032	AS3041	H1	Heterogenous	H2	Heterogenous	within Heterogenous	0.3763810247571493
2197	unweighted	16SrRNA	Shrub	AS3032	AS3042	H1	Heterogenous	H2	Heterogenous	within Heterogenous	0.4333571919731299
2198	unweighted	16SrRNA	Shrub	AS3032	AS3043	H1	Heterogenous	H2	Heterogenous	within Heterogenous	0.525271300383864
2199	unweighted	16SrRNA	Shrub	AS3032	AS3044	H1	Heterogenous	H2	Heterogenous	within Heterogenous	0.3651656463510926
2200	unweighted	16SrRNA	Shrub	AS3032	AS3050	H1	Heterogenous	H3	Heterogenous	within Heterogenous	0.4276502153039593
2201	unweighted	16SrRNA	Shrub	AS3032	AS3051	H1	Heterogenous	H3	Heterogenous	within Heterogenous	0.3507813828962424
2202	unweighted	16SrRNA	Shrub	AS3032	AS3054	H1	Heterogenous	H3	Heterogenous	within Heterogenous	0.3811088025237727
2203	unweighted	16SrRNA	Shrub	AS3033	AS3040	H1	Heterogenous	H2	Heterogenous	within Heterogenous	0.4729325867548178
2204	unweighted	16SrRNA	Shrub	AS3033	AS3041	H1	Heterogenous	H2	Heterogenous	within Heterogenous	0.4294169035875925
2205	unweighted	16SrRNA	Shrub	AS3033	AS3042	H1	Heterogenous	H2	Heterogenous	within Heterogenous	0.4125642617532728
2206	unweighted	16SrRNA	Shrub	AS3033	AS3043	H1	Heterogenous	H2	Heterogenous	within Heterogenous	0.4988058763590588
2207	unweighted	16SrRNA	Shrub	AS3033	AS3044	H1	Heterogenous	H2	Heterogenous	within Heterogenous	0.3758893752081237
2208	unweighted	16SrRNA	Shrub	AS3033	AS3050	H1	Heterogenous	H3	Heterogenous	within Heterogenous	0.4303849383935245
2209	unweighted	16SrRNA	Shrub	AS3033	AS3051	H1	Heterogenous	H3	Heterogenous	within Heterogenous	0.3482686797945432
2210	unweighted	16SrRNA	Shrub	AS3033	AS3054	H1	Heterogenous	H3	Heterogenous	within Heterogenous	0.38376223964068396
2211	unweighted	16SrRNA	Shrub	AS3034	AS3040	H1	Heterogenous	H2	Heterogenous	within Heterogenous	0.4802471557963014
2212	unweighted	16SrRNA	Shrub	AS3034	AS3041	H1	Heterogenous	H2	Heterogenous	within Heterogenous	0.41621111335857947
2213	unweighted	16SrRNA	Shrub	AS3034	AS3042	H1	Heterogenous	H2	Heterogenous	within Heterogenous	0.43623982093145575
2214	unweighted	16SrRNA	Shrub	AS3034	AS3043	H1	Heterogenous	H2	Heterogenous	within Heterogenous	0.5118139820533228
2215	unweighted	16SrRNA	Shrub	AS3034	AS3044	H1	Heterogenous	H2	Heterogenous	within Heterogenous	0.4113484384308165
2216	unweighted	16SrRNA	Shrub	AS3034	AS3050	H1	Heterogenous	H3	Heterogenous	within Heterogenous	0.4400230540187666
2217	unweighted	16SrRNA	Shrub	AS3034	AS3051	H1	Heterogenous	H3	Heterogenous	within Heterogenous	0.3465917544242593
2218	unweighted	16SrRNA	Shrub	AS3034	AS3054	H1	Heterogenous	H3	Heterogenous	within Heterogenous	0.34833537181566016
2219	unweighted	16SrRNA	Intershrub	AS3035	AS3045	H1	Heterogenous	H2	Heterogenous	within Heterogenous	0.5702633417261946
2220	unweighted	16SrRNA	Intershrub	AS3035	AS3046	H1	Heterogenous	H2	Heterogenous	within Heterogenous	0.4580256119526883
2221	unweighted	16SrRNA	Intershrub	AS3035	AS3047	H1	Heterogenous	H2	Heterogenous	within Heterogenous	0.40997300494875705
2222	unweighted	16SrRNA	Intershrub	AS3035	AS3048	H1	Heterogenous	H2	Heterogenous	within Heterogenous	0.5223577346599982
2223	unweighted	16SrRNA	Intershrub	AS3035	AS3049	H1	Heterogenous	H2	Heterogenous	within Heterogenous	0.40899495302567207
2224	unweighted	16SrRNA	Intershrub	AS3035	AS3055	H1	Heterogenous	H3	Heterogenous	within Heterogenous	0.5011644114664654
2225	unweighted	16SrRNA	Intershrub	AS3035	AS3056	H1	Heterogenous	H3	Heterogenous	within Heterogenous	0.39386592245201935
2226	unweighted	16SrRNA	Intershrub	AS3035	AS3057	H1	Heterogenous	H3	Heterogenous	within Heterogenous	0.4158033777716091
2227	unweighted	16SrRNA	Intershrub	AS3035	AS3058	H1	Heterogenous	H3	Heterogenous	within Heterogenous	0.3753665757625595
2228	unweighted	16SrRNA	Intershrub	AS3037	AS3045	H1	Heterogenous	H2	Heterogenous	within Heterogenous	0.36336415307587133
2229	unweighted	16SrRNA	Intershrub	AS3037	AS3046	H1	Heterogenous	H2	Heterogenous	within Heterogenous	0.4387354933829233
2230	unweighted	16SrRNA	Intershrub	AS3037	AS3047	H1	Heterogenous	H2	Heterogenous	within Heterogenous	0.4604807527563284
2231	unweighted	16SrRNA	Intershrub	AS3037	AS3048	H1	Heterogenous	H2	Heterogenous	within Heterogenous	0.4358483556454591
2232	unweighted	16SrRNA	Intershrub	AS3037	AS3049	H1	Heterogenous	H2	Heterogenous	within Heterogenous	0.4576499947232622
2233	unweighted	16SrRNA	Intershrub	AS3037	AS3055	H1	Heterogenous	H3	Heterogenous	within Heterogenous	0.4616683680497593
2234	unweighted	16SrRNA	Intershrub	AS3037	AS3056	H1	Heterogenous	H3	Heterogenous	within Heterogenous	0.5128252944959356
2235	unweighted	16SrRNA	Intershrub	AS3037	AS3057	H1	Heterogenous	H3	Heterogenous	within Heterogenous	0.5009381431027313
2236	unweighted	16SrRNA	Intershrub	AS3037	AS3058	H1	Heterogenous	H3	Heterogenous	within Heterogenous	0.5539877028426365
2237	unweighted	16SrRNA	Intershrub	AS3038	AS3045	H1	Heterogenous	H2	Heterogenous	within Heterogenous	0.474158364683412
2238	unweighted	16SrRNA	Intershrub	AS3038	AS3046	H1	Heterogenous	H2	Heterogenous	within Heterogenous	0.4193171632167388
2239	unweighted	16SrRNA	Intershrub	AS3038	AS3047	H1	Heterogenous	H2	Heterogenous	within Heterogenous	0.4285230061877648
2240	unweighted	16SrRNA	Intershrub	AS3038	AS3048	H1	Heterogenous	H2	Heterogenous	within Heterogenous	0.425462623404947
2241	unweighted	16SrRNA	Intershrub	AS3038	AS3049	H1	Heterogenous	H2	Heterogenous	within Heterogenous	0.3887115228608552
2242	unweighted	16SrRNA	Intershrub	AS3038	AS3055	H1	Heterogenous	H3	Heterogenous	within Heterogenous	0.4541863279453641
2243	unweighted	16SrRNA	Intershrub	AS3038	AS3056	H1	Heterogenous	H3	Heterogenous	within Heterogenous	0.4868714205139418
2244	unweighted	16SrRNA	Intershrub	AS3038	AS3057	H1	Heterogenous	H3	Heterogenous	within Heterogenous	0.4699133288890979
2245	unweighted	16SrRNA	Intershrub	AS3038	AS3058	H1	Heterogenous	H3	Heterogenous	within Heterogenous	0.5070750517274294
2246	unweighted	16SrRNA	Intershrub	AS3039	AS3045	H1	Heterogenous	H2	Heterogenous	within Heterogenous	0.4966934118435542
2247	unweighted	16SrRNA	Intershrub	AS3039	AS3046	H1	Heterogenous	H2	Heterogenous	within Heterogenous	0.3616661188423387
2248	unweighted	16SrRNA	Intershrub	AS3039	AS3047	H1	Heterogenous	H2	Heterogenous	within Heterogenous	0.4127970847217959
2249	unweighted	16SrRNA	Intershrub	AS3039	AS3048	H1	Heterogenous	H2	Heterogenous	within Heterogenous	0.4262525809199685
2250	unweighted	16SrRNA	Intershrub	AS3039	AS3049	H1	Heterogenous	H2	Heterogenous	within Heterogenous	0.44360912723214796
2251	unweighted	16SrRNA	Intershrub	AS3039	AS3055	H1	Heterogenous	H3	Heterogenous	within Heterogenous	0.33753187863909545
2252	unweighted	16SrRNA	Intershrub	AS3039	AS3056	H1	Heterogenous	H3	Heterogenous	within Heterogenous	0.42907506084236297
2253	unweighted	16SrRNA	Intershrub	AS3039	AS3057	H1	Heterogenous	H3	Heterogenous	within Heterogenous	0.4602323237403354
2254	unweighted	16SrRNA	Intershrub	AS3039	AS3058	H1	Heterogenous	H3	Heterogenous	within Heterogenous	0.4483302763394811
2255	unweighted	16SrRNA	Shrub	AS3040	AS3050	H2	Heterogenous	H3	Heterogenous	within Heterogenous	0.4967338746478938
2256	unweighted	16SrRNA	Shrub	AS3040	AS3051	H2	Heterogenous	H3	Heterogenous	within Heterogenous	0.4462752691528432
2257	unweighted	16SrRNA	Shrub	AS3040	AS3054	H2	Heterogenous	H3	Heterogenous	within Heterogenous	0.4169903022262871
2258	unweighted	16SrRNA	Shrub	AS3041	AS3050	H2	Heterogenous	H3	Heterogenous	within Heterogenous	0.4912991164324891
2259	unweighted	16SrRNA	Shrub	AS3041	AS3051	H2	Heterogenous	H3	Heterogenous	within Heterogenous	0.3634376470934795
2260	unweighted	16SrRNA	Shrub	AS3041	AS3054	H2	Heterogenous	H3	Heterogenous	within Heterogenous	0.4058125193594869
2261	unweighted	16SrRNA	Shrub	AS3042	AS3050	H2	Heterogenous	H3	Heterogenous	within Heterogenous	0.4853361575301149
2262	unweighted	16SrRNA	Shrub	AS3042	AS3051	H2	Heterogenous	H3	Heterogenous	within Heterogenous	0.3949489230779182
2263	unweighted	16SrRNA	Shrub	AS3042	AS3054	H2	Heterogenous	H3	Heterogenous	within Heterogenous	0.4248826921185275
2264	unweighted	16SrRNA	Shrub	AS3043	AS3050	H2	Heterogenous	H3	Heterogenous	within Heterogenous	0.5378723825367182
2265	unweighted	16SrRNA	Shrub	AS3043	AS3051	H2	Heterogenous	H3	Heterogenous	within Heterogenous	0.4807062477344342
2266	unweighted	16SrRNA	Shrub	AS3043	AS3054	H2	Heterogenous	H3	Heterogenous	within Heterogenous	0.5026965532852972
2267	unweighted	16SrRNA	Shrub	AS3044	AS3050	H2	Heterogenous	H3	Heterogenous	within Heterogenous	0.4712124690594024
2268	unweighted	16SrRNA	Shrub	AS3044	AS3051	H2	Heterogenous	H3	Heterogenous	within Heterogenous	0.3879297889408765
2269	unweighted	16SrRNA	Shrub	AS3044	AS3054	H2	Heterogenous	H3	Heterogenous	within Heterogenous	0.41428878356730425
2270	unweighted	16SrRNA	Intershrub	AS3045	AS3055	H2	Heterogenous	H3	Heterogenous	within Heterogenous	0.4519417203776266
2271	unweighted	16SrRNA	Intershrub	AS3045	AS3056	H2	Heterogenous	H3	Heterogenous	within Heterogenous	0.5682520742918081
2272	unweighted	16SrRNA	Intershrub	AS3045	AS3057	H2	Heterogenous	H3	Heterogenous	within Heterogenous	0.5148959367458867
2273	unweighted	16SrRNA	Intershrub	AS3045	AS3058	H2	Heterogenous	H3	Heterogenous	within Heterogenous	0.6025915098499917
2274	unweighted	16SrRNA	Intershrub	AS3046	AS3055	H2	Heterogenous	H3	Heterogenous	within Heterogenous	0.3211857672534615
2275	unweighted	16SrRNA	Intershrub	AS3046	AS3056	H2	Heterogenous	H3	Heterogenous	within Heterogenous	0.4442469575328931
2276	unweighted	16SrRNA	Intershrub	AS3046	AS3057	H2	Heterogenous	H3	Heterogenous	within Heterogenous	0.4209258502867699
2277	unweighted	16SrRNA	Intershrub	AS3046	AS3058	H2	Heterogenous	H3	Heterogenous	within Heterogenous	0.4820078900399018
2278	unweighted	16SrRNA	Intershrub	AS3047	AS3055	H2	Heterogenous	H3	Heterogenous	within Heterogenous	0.4276587587613042
2279	unweighted	16SrRNA	Intershrub	AS3047	AS3056	H2	Heterogenous	H3	Heterogenous	within Heterogenous	0.3982864832297451
2280	unweighted	16SrRNA	Intershrub	AS3047	AS3057	H2	Heterogenous	H3	Heterogenous	within Heterogenous	0.4397395017270818
2281	unweighted	16SrRNA	Intershrub	AS3047	AS3058	H2	Heterogenous	H3	Heterogenous	within Heterogenous	0.4197423433956922
2282	unweighted	16SrRNA	Intershrub	AS3048	AS3055	H2	Heterogenous	H3	Heterogenous	within Heterogenous	0.34790523187020994
2283	unweighted	16SrRNA	Intershrub	AS3048	AS3056	H2	Heterogenous	H3	Heterogenous	within Heterogenous	0.5004534369417781
2284	unweighted	16SrRNA	Intershrub	AS3048	AS3057	H2	Heterogenous	H3	Heterogenous	within Heterogenous	0.4590369548705394
2285	unweighted	16SrRNA	Intershrub	AS3048	AS3058	H2	Heterogenous	H3	Heterogenous	within Heterogenous	0.543749107463676
2286	unweighted	16SrRNA	Intershrub	AS3049	AS3055	H2	Heterogenous	H3	Heterogenous	within Heterogenous	0.4845638547516345
2287	unweighted	16SrRNA	Intershrub	AS3049	AS3056	H2	Heterogenous	H3	Heterogenous	within Heterogenous	0.3956371394243777
2288	unweighted	16SrRNA	Intershrub	AS3049	AS3057	H2	Heterogenous	H3	Heterogenous	within Heterogenous	0.4604512134181716
2289	unweighted	16SrRNA	Intershrub	AS3049	AS3058	H2	Heterogenous	H3	Heterogenous	within Heterogenous	0.41997158441481336
