*sample_name	replicate	description	*geo_loc_name	*collection_date	sample_title	*organism	environmental medium	*lat_lon	depth	elevation	broad-scale environmental context	local-scale environmental context	annual and seasonal precipitation	annual and seasonal temperature	geodiversity	niche	hillslope
AS3045	biological replicate 1	Soil metagenome sample from Israel:Ofakim,SayeretShakedPark LTER, from an inter-shrub space on the H2 heterogeneous hillslope	Israel:Ofakim,SayeretShakedPark	3-Feb-2020	Soil metagenome sample from Israel:Ofakim,SayeretShakedPark LTER, from an inter-shrub space on the H2 heterogeneous hillslope	soil metagenome	Soil	31.27 N 34.65 E	10 cm	187 m.a.s.l.	Semi-arid shrubland	Long-term ecological research station	250 mm (165 mm since 2010)	26 and 12°C in the summer and winter, respectively	heterogeneous	an inter-shrub space	H2
AS3046	biological replicate 2	Soil metagenome sample from Israel:Ofakim,SayeretShakedPark LTER, from an inter-shrub space on the H2 heterogeneous hillslope	Israel:Ofakim,SayeretShakedPark	3-Feb-2020	Soil metagenome sample from Israel:Ofakim,SayeretShakedPark LTER, from an inter-shrub space on the H2 heterogeneous hillslope	soil metagenome	Soil	31.27 N 34.65 E	10 cm	187 m.a.s.l.	Semi-arid shrubland	Long-term ecological research station	250 mm (165 mm since 2010)	26 and 12°C in the summer and winter, respectively	heterogeneous	an inter-shrub space	H2
AS3047	biological replicate 3	Soil metagenome sample from Israel:Ofakim,SayeretShakedPark LTER, from an inter-shrub space on the H2 heterogeneous hillslope	Israel:Ofakim,SayeretShakedPark	3-Feb-2020	Soil metagenome sample from Israel:Ofakim,SayeretShakedPark LTER, from an inter-shrub space on the H2 heterogeneous hillslope	soil metagenome	Soil	31.27 N 34.65 E	10 cm	187 m.a.s.l.	Semi-arid shrubland	Long-term ecological research station	250 mm (165 mm since 2010)	26 and 12°C in the summer and winter, respectively	heterogeneous	an inter-shrub space	H2
AS3048	biological replicate 4	Soil metagenome sample from Israel:Ofakim,SayeretShakedPark LTER, from an inter-shrub space on the H2 heterogeneous hillslope	Israel:Ofakim,SayeretShakedPark	3-Feb-2020	Soil metagenome sample from Israel:Ofakim,SayeretShakedPark LTER, from an inter-shrub space on the H2 heterogeneous hillslope	soil metagenome	Soil	31.27 N 34.65 E	10 cm	187 m.a.s.l.	Semi-arid shrubland	Long-term ecological research station	250 mm (165 mm since 2010)	26 and 12°C in the summer and winter, respectively	heterogeneous	an inter-shrub space	H2
AS3049	biological replicate 5	Soil metagenome sample from Israel:Ofakim,SayeretShakedPark LTER, from an inter-shrub space on the H2 heterogeneous hillslope	Israel:Ofakim,SayeretShakedPark	3-Feb-2020	Soil metagenome sample from Israel:Ofakim,SayeretShakedPark LTER, from an inter-shrub space on the H2 heterogeneous hillslope	soil metagenome	Soil	31.27 N 34.65 E	10 cm	187 m.a.s.l.	Semi-arid shrubland	Long-term ecological research station	250 mm (165 mm since 2010)	26 and 12°C in the summer and winter, respectively	heterogeneous	an inter-shrub space	H2
AS3055	biological replicate 1	Soil metagenome sample from Israel:Ofakim,SayeretShakedPark LTER, from an inter-shrub space on the H3 heterogeneous hillslope	Israel:Ofakim,SayeretShakedPark	3-Feb-2020	Soil metagenome sample from Israel:Ofakim,SayeretShakedPark LTER, from an inter-shrub space on the H3 heterogeneous hillslope	soil metagenome	Soil	31.27 N 34.65 E	10 cm	187 m.a.s.l.	Semi-arid shrubland	Long-term ecological research station	250 mm (165 mm since 2010)	26 and 12°C in the summer and winter, respectively	heterogeneous	an inter-shrub space	H3
AS3056	biological replicate 2	Soil metagenome sample from Israel:Ofakim,SayeretShakedPark LTER, from an inter-shrub space on the H3 heterogeneous hillslope	Israel:Ofakim,SayeretShakedPark	3-Feb-2020	Soil metagenome sample from Israel:Ofakim,SayeretShakedPark LTER, from an inter-shrub space on the H3 heterogeneous hillslope	soil metagenome	Soil	31.27 N 34.65 E	10 cm	187 m.a.s.l.	Semi-arid shrubland	Long-term ecological research station	250 mm (165 mm since 2010)	26 and 12°C in the summer and winter, respectively	heterogeneous	an inter-shrub space	H3
AS3057	biological replicate 3	Soil metagenome sample from Israel:Ofakim,SayeretShakedPark LTER, from an inter-shrub space on the H3 heterogeneous hillslope	Israel:Ofakim,SayeretShakedPark	3-Feb-2020	Soil metagenome sample from Israel:Ofakim,SayeretShakedPark LTER, from an inter-shrub space on the H3 heterogeneous hillslope	soil metagenome	Soil	31.27 N 34.65 E	10 cm	187 m.a.s.l.	Semi-arid shrubland	Long-term ecological research station	250 mm (165 mm since 2010)	26 and 12°C in the summer and winter, respectively	heterogeneous	an inter-shrub space	H3
AS3058	biological replicate 4	Soil metagenome sample from Israel:Ofakim,SayeretShakedPark LTER, from an inter-shrub space on the H3 heterogeneous hillslope	Israel:Ofakim,SayeretShakedPark	3-Feb-2020	Soil metagenome sample from Israel:Ofakim,SayeretShakedPark LTER, from an inter-shrub space on the H3 heterogeneous hillslope	soil metagenome	Soil	31.27 N 34.65 E	10 cm	187 m.a.s.l.	Semi-arid shrubland	Long-term ecological research station	250 mm (165 mm since 2010)	26 and 12°C in the summer and winter, respectively	heterogeneous	an inter-shrub space	H3
AS3059	biological replicate 5	Soil metagenome sample from Israel:Ofakim,SayeretShakedPark LTER, from an inter-shrub space on the H3 heterogeneous hillslope	Israel:Ofakim,SayeretShakedPark	3-Feb-2020	Soil metagenome sample from Israel:Ofakim,SayeretShakedPark LTER, from an inter-shrub space on the H3 heterogeneous hillslope	soil metagenome	Soil	31.27 N 34.65 E	10 cm	187 m.a.s.l.	Semi-arid shrubland	Long-term ecological research station	250 mm (165 mm since 2010)	26 and 12°C in the summer and winter, respectively	heterogeneous	an inter-shrub space	H3
AS3035	biological replicate 1	Soil metagenome sample from Israel:Ofakim,SayeretShakedPark LTER, from an inter-shrub space on the H1 heterogeneous hillslope	Israel:Ofakim,SayeretShakedPark	3-Feb-2020	Soil metagenome sample from Israel:Ofakim,SayeretShakedPark LTER, from an inter-shrub space on the H1 heterogeneous hillslope	soil metagenome	Soil	31.27 N 34.65 E	10 cm	187 m.a.s.l.	Semi-arid shrubland	Long-term ecological research station	250 mm (165 mm since 2010)	26 and 12°C in the summer and winter, respectively	heterogeneous	an inter-shrub space	H1
AS3036	biological replicate 2	Soil metagenome sample from Israel:Ofakim,SayeretShakedPark LTER, from an inter-shrub space on the H1 heterogeneous hillslope	Israel:Ofakim,SayeretShakedPark	3-Feb-2020	Soil metagenome sample from Israel:Ofakim,SayeretShakedPark LTER, from an inter-shrub space on the H1 heterogeneous hillslope	soil metagenome	Soil	31.27 N 34.65 E	10 cm	187 m.a.s.l.	Semi-arid shrubland	Long-term ecological research station	250 mm (165 mm since 2010)	26 and 12°C in the summer and winter, respectively	heterogeneous	an inter-shrub space	H1
AS3037	biological replicate 3	Soil metagenome sample from Israel:Ofakim,SayeretShakedPark LTER, from an inter-shrub space on the H1 heterogeneous hillslope	Israel:Ofakim,SayeretShakedPark	3-Feb-2020	Soil metagenome sample from Israel:Ofakim,SayeretShakedPark LTER, from an inter-shrub space on the H1 heterogeneous hillslope	soil metagenome	Soil	31.27 N 34.65 E	10 cm	187 m.a.s.l.	Semi-arid shrubland	Long-term ecological research station	250 mm (165 mm since 2010)	26 and 12°C in the summer and winter, respectively	heterogeneous	an inter-shrub space	H1
AS3038	biological replicate 4	Soil metagenome sample from Israel:Ofakim,SayeretShakedPark LTER, from an inter-shrub space on the H1 heterogeneous hillslope	Israel:Ofakim,SayeretShakedPark	3-Feb-2020	Soil metagenome sample from Israel:Ofakim,SayeretShakedPark LTER, from an inter-shrub space on the H1 heterogeneous hillslope	soil metagenome	Soil	31.27 N 34.65 E	10 cm	187 m.a.s.l.	Semi-arid shrubland	Long-term ecological research station	250 mm (165 mm since 2010)	26 and 12°C in the summer and winter, respectively	heterogeneous	an inter-shrub space	H1
AS3039	biological replicate 5	Soil metagenome sample from Israel:Ofakim,SayeretShakedPark LTER, from an inter-shrub space on the H1 heterogeneous hillslope	Israel:Ofakim,SayeretShakedPark	3-Feb-2020	Soil metagenome sample from Israel:Ofakim,SayeretShakedPark LTER, from an inter-shrub space on the H1 heterogeneous hillslope	soil metagenome	Soil	31.27 N 34.65 E	10 cm	187 m.a.s.l.	Semi-arid shrubland	Long-term ecological research station	250 mm (165 mm since 2010)	26 and 12°C in the summer and winter, respectively	heterogeneous	an inter-shrub space	H1
AS3025	biological replicate 1	Soil metagenome sample from Israel:Ofakim,SayeretShakedPark LTER, from an inter-shrub space on the O3 homogeneous hillslope	Israel:Ofakim,SayeretShakedPark	3-Feb-2020	Soil metagenome sample from Israel:Ofakim,SayeretShakedPark LTER, from an inter-shrub space on the O3 homogeneous hillslope	soil metagenome	Soil	31.27 N 34.65 E	10 cm	187 m.a.s.l.	Semi-arid shrubland	Long-term ecological research station	250 mm (165 mm since 2010)	26 and 12°C in the summer and winter, respectively	homogeneous	an inter-shrub space	O3
AS3026	biological replicate 2	Soil metagenome sample from Israel:Ofakim,SayeretShakedPark LTER, from an inter-shrub space on the O3 homogeneous hillslope	Israel:Ofakim,SayeretShakedPark	3-Feb-2020	Soil metagenome sample from Israel:Ofakim,SayeretShakedPark LTER, from an inter-shrub space on the O3 homogeneous hillslope	soil metagenome	Soil	31.27 N 34.65 E	10 cm	187 m.a.s.l.	Semi-arid shrubland	Long-term ecological research station	250 mm (165 mm since 2010)	26 and 12°C in the summer and winter, respectively	homogeneous	an inter-shrub space	O3
AS3027	biological replicate 3	Soil metagenome sample from Israel:Ofakim,SayeretShakedPark LTER, from an inter-shrub space on the O3 homogeneous hillslope	Israel:Ofakim,SayeretShakedPark	3-Feb-2020	Soil metagenome sample from Israel:Ofakim,SayeretShakedPark LTER, from an inter-shrub space on the O3 homogeneous hillslope	soil metagenome	Soil	31.27 N 34.65 E	10 cm	187 m.a.s.l.	Semi-arid shrubland	Long-term ecological research station	250 mm (165 mm since 2010)	26 and 12°C in the summer and winter, respectively	homogeneous	an inter-shrub space	O3
AS3028	biological replicate 4	Soil metagenome sample from Israel:Ofakim,SayeretShakedPark LTER, from an inter-shrub space on the O3 homogeneous hillslope	Israel:Ofakim,SayeretShakedPark	3-Feb-2020	Soil metagenome sample from Israel:Ofakim,SayeretShakedPark LTER, from an inter-shrub space on the O3 homogeneous hillslope	soil metagenome	Soil	31.27 N 34.65 E	10 cm	187 m.a.s.l.	Semi-arid shrubland	Long-term ecological research station	250 mm (165 mm since 2010)	26 and 12°C in the summer and winter, respectively	homogeneous	an inter-shrub space	O3
AS3029	biological replicate 5	Soil metagenome sample from Israel:Ofakim,SayeretShakedPark LTER, from an inter-shrub space on the O3 homogeneous hillslope	Israel:Ofakim,SayeretShakedPark	3-Feb-2020	Soil metagenome sample from Israel:Ofakim,SayeretShakedPark LTER, from an inter-shrub space on the O3 homogeneous hillslope	soil metagenome	Soil	31.27 N 34.65 E	10 cm	187 m.a.s.l.	Semi-arid shrubland	Long-term ecological research station	250 mm (165 mm since 2010)	26 and 12°C in the summer and winter, respectively	homogeneous	an inter-shrub space	O3
AS3005	biological replicate 1	Soil metagenome sample from Israel:Ofakim,SayeretShakedPark LTER, from an inter-shrub space on the O1 homogeneous hillslope	Israel:Ofakim,SayeretShakedPark	3-Feb-2020	Soil metagenome sample from Israel:Ofakim,SayeretShakedPark LTER, from an inter-shrub space on the O1 homogeneous hillslope	soil metagenome	Soil	31.27 N 34.65 E	10 cm	187 m.a.s.l.	Semi-arid shrubland	Long-term ecological research station	250 mm (165 mm since 2010)	26 and 12°C in the summer and winter, respectively	homogeneous	an inter-shrub space	O1
AS3006	biological replicate 2	Soil metagenome sample from Israel:Ofakim,SayeretShakedPark LTER, from an inter-shrub space on the O1 homogeneous hillslope	Israel:Ofakim,SayeretShakedPark	3-Feb-2020	Soil metagenome sample from Israel:Ofakim,SayeretShakedPark LTER, from an inter-shrub space on the O1 homogeneous hillslope	soil metagenome	Soil	31.27 N 34.65 E	10 cm	187 m.a.s.l.	Semi-arid shrubland	Long-term ecological research station	250 mm (165 mm since 2010)	26 and 12°C in the summer and winter, respectively	homogeneous	an inter-shrub space	O1
AS3007	biological replicate 3	Soil metagenome sample from Israel:Ofakim,SayeretShakedPark LTER, from an inter-shrub space on the O1 homogeneous hillslope	Israel:Ofakim,SayeretShakedPark	3-Feb-2020	Soil metagenome sample from Israel:Ofakim,SayeretShakedPark LTER, from an inter-shrub space on the O1 homogeneous hillslope	soil metagenome	Soil	31.27 N 34.65 E	10 cm	187 m.a.s.l.	Semi-arid shrubland	Long-term ecological research station	250 mm (165 mm since 2010)	26 and 12°C in the summer and winter, respectively	homogeneous	an inter-shrub space	O1
AS3008	biological replicate 4	Soil metagenome sample from Israel:Ofakim,SayeretShakedPark LTER, from an inter-shrub space on the O1 homogeneous hillslope	Israel:Ofakim,SayeretShakedPark	3-Feb-2020	Soil metagenome sample from Israel:Ofakim,SayeretShakedPark LTER, from an inter-shrub space on the O1 homogeneous hillslope	soil metagenome	Soil	31.27 N 34.65 E	10 cm	187 m.a.s.l.	Semi-arid shrubland	Long-term ecological research station	250 mm (165 mm since 2010)	26 and 12°C in the summer and winter, respectively	homogeneous	an inter-shrub space	O1
AS3009	biological replicate 5	Soil metagenome sample from Israel:Ofakim,SayeretShakedPark LTER, from an inter-shrub space on the O1 homogeneous hillslope	Israel:Ofakim,SayeretShakedPark	3-Feb-2020	Soil metagenome sample from Israel:Ofakim,SayeretShakedPark LTER, from an inter-shrub space on the O1 homogeneous hillslope	soil metagenome	Soil	31.27 N 34.65 E	10 cm	187 m.a.s.l.	Semi-arid shrubland	Long-term ecological research station	250 mm (165 mm since 2010)	26 and 12°C in the summer and winter, respectively	homogeneous	an inter-shrub space	O1
AS3015	biological replicate 1	Soil metagenome sample from Israel:Ofakim,SayeretShakedPark LTER, from an inter-shrub space on the O2 homogeneous hillslope	Israel:Ofakim,SayeretShakedPark	3-Feb-2020	Soil metagenome sample from Israel:Ofakim,SayeretShakedPark LTER, from an inter-shrub space on the O2 homogeneous hillslope	soil metagenome	Soil	31.27 N 34.65 E	10 cm	187 m.a.s.l.	Semi-arid shrubland	Long-term ecological research station	250 mm (165 mm since 2010)	26 and 12°C in the summer and winter, respectively	homogeneous	an inter-shrub space	O2
AS3016	biological replicate 2	Soil metagenome sample from Israel:Ofakim,SayeretShakedPark LTER, from an inter-shrub space on the O2 homogeneous hillslope	Israel:Ofakim,SayeretShakedPark	3-Feb-2020	Soil metagenome sample from Israel:Ofakim,SayeretShakedPark LTER, from an inter-shrub space on the O2 homogeneous hillslope	soil metagenome	Soil	31.27 N 34.65 E	10 cm	187 m.a.s.l.	Semi-arid shrubland	Long-term ecological research station	250 mm (165 mm since 2010)	26 and 12°C in the summer and winter, respectively	homogeneous	an inter-shrub space	O2
AS3017	biological replicate 3	Soil metagenome sample from Israel:Ofakim,SayeretShakedPark LTER, from an inter-shrub space on the O2 homogeneous hillslope	Israel:Ofakim,SayeretShakedPark	3-Feb-2020	Soil metagenome sample from Israel:Ofakim,SayeretShakedPark LTER, from an inter-shrub space on the O2 homogeneous hillslope	soil metagenome	Soil	31.27 N 34.65 E	10 cm	187 m.a.s.l.	Semi-arid shrubland	Long-term ecological research station	250 mm (165 mm since 2010)	26 and 12°C in the summer and winter, respectively	homogeneous	an inter-shrub space	O2
AS3018	biological replicate 4	Soil metagenome sample from Israel:Ofakim,SayeretShakedPark LTER, from an inter-shrub space on the O2 homogeneous hillslope	Israel:Ofakim,SayeretShakedPark	3-Feb-2020	Soil metagenome sample from Israel:Ofakim,SayeretShakedPark LTER, from an inter-shrub space on the O2 homogeneous hillslope	soil metagenome	Soil	31.27 N 34.65 E	10 cm	187 m.a.s.l.	Semi-arid shrubland	Long-term ecological research station	250 mm (165 mm since 2010)	26 and 12°C in the summer and winter, respectively	homogeneous	an inter-shrub space	O2
AS3019	biological replicate 5	Soil metagenome sample from Israel:Ofakim,SayeretShakedPark LTER, from an inter-shrub space on the O2 homogeneous hillslope	Israel:Ofakim,SayeretShakedPark	3-Feb-2020	Soil metagenome sample from Israel:Ofakim,SayeretShakedPark LTER, from an inter-shrub space on the O2 homogeneous hillslope	soil metagenome	Soil	31.27 N 34.65 E	10 cm	187 m.a.s.l.	Semi-arid shrubland	Long-term ecological research station	250 mm (165 mm since 2010)	26 and 12°C in the summer and winter, respectively	homogeneous	an inter-shrub space	O2
AS3040	biological replicate 1	Soil metagenome sample from Israel:Ofakim,SayeretShakedPark LTER, from under the phylosphere of Noaea mucronata on the H2 heterogeneous hillslope	Israel:Ofakim,SayeretShakedPark	3-Feb-2020	Soil metagenome sample from Israel:Ofakim,SayeretShakedPark LTER, from under the phylosphere of Noaea mucronata on the H2 heterogeneous hillslope	soil metagenome	Soil	31.27 N 34.65 E	10 cm	187 m.a.s.l.	Semi-arid shrubland	Long-term ecological research station	250 mm (165 mm since 2010)	26 and 12°C in the summer and winter, respectively	heterogeneous	under the phylosphere of Noaea mucronata	H2
AS3041	biological replicate 2	Soil metagenome sample from Israel:Ofakim,SayeretShakedPark LTER, from under the phylosphere of Noaea mucronata on the H2 heterogeneous hillslope	Israel:Ofakim,SayeretShakedPark	3-Feb-2020	Soil metagenome sample from Israel:Ofakim,SayeretShakedPark LTER, from under the phylosphere of Noaea mucronata on the H2 heterogeneous hillslope	soil metagenome	Soil	31.27 N 34.65 E	10 cm	187 m.a.s.l.	Semi-arid shrubland	Long-term ecological research station	250 mm (165 mm since 2010)	26 and 12°C in the summer and winter, respectively	heterogeneous	under the phylosphere of Noaea mucronata	H2
AS3042	biological replicate 3	Soil metagenome sample from Israel:Ofakim,SayeretShakedPark LTER, from under the phylosphere of Noaea mucronata on the H2 heterogeneous hillslope	Israel:Ofakim,SayeretShakedPark	3-Feb-2020	Soil metagenome sample from Israel:Ofakim,SayeretShakedPark LTER, from under the phylosphere of Noaea mucronata on the H2 heterogeneous hillslope	soil metagenome	Soil	31.27 N 34.65 E	10 cm	187 m.a.s.l.	Semi-arid shrubland	Long-term ecological research station	250 mm (165 mm since 2010)	26 and 12°C in the summer and winter, respectively	heterogeneous	under the phylosphere of Noaea mucronata	H2
AS3043	biological replicate 4	Soil metagenome sample from Israel:Ofakim,SayeretShakedPark LTER, from under the phylosphere of Noaea mucronata on the H2 heterogeneous hillslope	Israel:Ofakim,SayeretShakedPark	3-Feb-2020	Soil metagenome sample from Israel:Ofakim,SayeretShakedPark LTER, from under the phylosphere of Noaea mucronata on the H2 heterogeneous hillslope	soil metagenome	Soil	31.27 N 34.65 E	10 cm	187 m.a.s.l.	Semi-arid shrubland	Long-term ecological research station	250 mm (165 mm since 2010)	26 and 12°C in the summer and winter, respectively	heterogeneous	under the phylosphere of Noaea mucronata	H2
AS3044	biological replicate 5	Soil metagenome sample from Israel:Ofakim,SayeretShakedPark LTER, from under the phylosphere of Noaea mucronata on the H2 heterogeneous hillslope	Israel:Ofakim,SayeretShakedPark	3-Feb-2020	Soil metagenome sample from Israel:Ofakim,SayeretShakedPark LTER, from under the phylosphere of Noaea mucronata on the H2 heterogeneous hillslope	soil metagenome	Soil	31.27 N 34.65 E	10 cm	187 m.a.s.l.	Semi-arid shrubland	Long-term ecological research station	250 mm (165 mm since 2010)	26 and 12°C in the summer and winter, respectively	heterogeneous	under the phylosphere of Noaea mucronata	H2
AS3050	biological replicate 1	Soil metagenome sample from Israel:Ofakim,SayeretShakedPark LTER, from under the phylosphere of Noaea mucronata on the H3 heterogeneous hillslope	Israel:Ofakim,SayeretShakedPark	3-Feb-2020	Soil metagenome sample from Israel:Ofakim,SayeretShakedPark LTER, from under the phylosphere of Noaea mucronata on the H3 heterogeneous hillslope	soil metagenome	Soil	31.27 N 34.65 E	10 cm	187 m.a.s.l.	Semi-arid shrubland	Long-term ecological research station	250 mm (165 mm since 2010)	26 and 12°C in the summer and winter, respectively	heterogeneous	under the phylosphere of Noaea mucronata	H3
AS3051	biological replicate 2	Soil metagenome sample from Israel:Ofakim,SayeretShakedPark LTER, from under the phylosphere of Noaea mucronata on the H3 heterogeneous hillslope	Israel:Ofakim,SayeretShakedPark	3-Feb-2020	Soil metagenome sample from Israel:Ofakim,SayeretShakedPark LTER, from under the phylosphere of Noaea mucronata on the H3 heterogeneous hillslope	soil metagenome	Soil	31.27 N 34.65 E	10 cm	187 m.a.s.l.	Semi-arid shrubland	Long-term ecological research station	250 mm (165 mm since 2010)	26 and 12°C in the summer and winter, respectively	heterogeneous	under the phylosphere of Noaea mucronata	H3
AS3052	biological replicate 3	Soil metagenome sample from Israel:Ofakim,SayeretShakedPark LTER, from under the phylosphere of Noaea mucronata on the H3 heterogeneous hillslope	Israel:Ofakim,SayeretShakedPark	3-Feb-2020	Soil metagenome sample from Israel:Ofakim,SayeretShakedPark LTER, from under the phylosphere of Noaea mucronata on the H3 heterogeneous hillslope	soil metagenome	Soil	31.27 N 34.65 E	10 cm	187 m.a.s.l.	Semi-arid shrubland	Long-term ecological research station	250 mm (165 mm since 2010)	26 and 12°C in the summer and winter, respectively	heterogeneous	under the phylosphere of Noaea mucronata	H3
AS3053	biological replicate 4	Soil metagenome sample from Israel:Ofakim,SayeretShakedPark LTER, from under the phylosphere of Noaea mucronata on the H3 heterogeneous hillslope	Israel:Ofakim,SayeretShakedPark	3-Feb-2020	Soil metagenome sample from Israel:Ofakim,SayeretShakedPark LTER, from under the phylosphere of Noaea mucronata on the H3 heterogeneous hillslope	soil metagenome	Soil	31.27 N 34.65 E	10 cm	187 m.a.s.l.	Semi-arid shrubland	Long-term ecological research station	250 mm (165 mm since 2010)	26 and 12°C in the summer and winter, respectively	heterogeneous	under the phylosphere of Noaea mucronata	H3
AS3054	biological replicate 5	Soil metagenome sample from Israel:Ofakim,SayeretShakedPark LTER, from under the phylosphere of Noaea mucronata on the H3 heterogeneous hillslope	Israel:Ofakim,SayeretShakedPark	3-Feb-2020	Soil metagenome sample from Israel:Ofakim,SayeretShakedPark LTER, from under the phylosphere of Noaea mucronata on the H3 heterogeneous hillslope	soil metagenome	Soil	31.27 N 34.65 E	10 cm	187 m.a.s.l.	Semi-arid shrubland	Long-term ecological research station	250 mm (165 mm since 2010)	26 and 12°C in the summer and winter, respectively	heterogeneous	under the phylosphere of Noaea mucronata	H3
AS3030	biological replicate 1	Soil metagenome sample from Israel:Ofakim,SayeretShakedPark LTER, from under the phylosphere of Noaea mucronata on the H1 heterogeneous hillslope	Israel:Ofakim,SayeretShakedPark	3-Feb-2020	Soil metagenome sample from Israel:Ofakim,SayeretShakedPark LTER, from under the phylosphere of Noaea mucronata on the H1 heterogeneous hillslope	soil metagenome	Soil	31.27 N 34.65 E	10 cm	187 m.a.s.l.	Semi-arid shrubland	Long-term ecological research station	250 mm (165 mm since 2010)	26 and 12°C in the summer and winter, respectively	heterogeneous	under the phylosphere of Noaea mucronata	H1
AS3031	biological replicate 2	Soil metagenome sample from Israel:Ofakim,SayeretShakedPark LTER, from under the phylosphere of Noaea mucronata on the H1 heterogeneous hillslope	Israel:Ofakim,SayeretShakedPark	3-Feb-2020	Soil metagenome sample from Israel:Ofakim,SayeretShakedPark LTER, from under the phylosphere of Noaea mucronata on the H1 heterogeneous hillslope	soil metagenome	Soil	31.27 N 34.65 E	10 cm	187 m.a.s.l.	Semi-arid shrubland	Long-term ecological research station	250 mm (165 mm since 2010)	26 and 12°C in the summer and winter, respectively	heterogeneous	under the phylosphere of Noaea mucronata	H1
AS3032	biological replicate 3	Soil metagenome sample from Israel:Ofakim,SayeretShakedPark LTER, from under the phylosphere of Noaea mucronata on the H1 heterogeneous hillslope	Israel:Ofakim,SayeretShakedPark	3-Feb-2020	Soil metagenome sample from Israel:Ofakim,SayeretShakedPark LTER, from under the phylosphere of Noaea mucronata on the H1 heterogeneous hillslope	soil metagenome	Soil	31.27 N 34.65 E	10 cm	187 m.a.s.l.	Semi-arid shrubland	Long-term ecological research station	250 mm (165 mm since 2010)	26 and 12°C in the summer and winter, respectively	heterogeneous	under the phylosphere of Noaea mucronata	H1
AS3033	biological replicate 4	Soil metagenome sample from Israel:Ofakim,SayeretShakedPark LTER, from under the phylosphere of Noaea mucronata on the H1 heterogeneous hillslope	Israel:Ofakim,SayeretShakedPark	3-Feb-2020	Soil metagenome sample from Israel:Ofakim,SayeretShakedPark LTER, from under the phylosphere of Noaea mucronata on the H1 heterogeneous hillslope	soil metagenome	Soil	31.27 N 34.65 E	10 cm	187 m.a.s.l.	Semi-arid shrubland	Long-term ecological research station	250 mm (165 mm since 2010)	26 and 12°C in the summer and winter, respectively	heterogeneous	under the phylosphere of Noaea mucronata	H1
AS3034	biological replicate 5	Soil metagenome sample from Israel:Ofakim,SayeretShakedPark LTER, from under the phylosphere of Noaea mucronata on the H1 heterogeneous hillslope	Israel:Ofakim,SayeretShakedPark	3-Feb-2020	Soil metagenome sample from Israel:Ofakim,SayeretShakedPark LTER, from under the phylosphere of Noaea mucronata on the H1 heterogeneous hillslope	soil metagenome	Soil	31.27 N 34.65 E	10 cm	187 m.a.s.l.	Semi-arid shrubland	Long-term ecological research station	250 mm (165 mm since 2010)	26 and 12°C in the summer and winter, respectively	heterogeneous	under the phylosphere of Noaea mucronata	H1
AS3020	biological replicate 1	Soil metagenome sample from Israel:Ofakim,SayeretShakedPark LTER, from under the phylosphere of Noaea mucronata on the O3 homogeneous hillslope	Israel:Ofakim,SayeretShakedPark	3-Feb-2020	Soil metagenome sample from Israel:Ofakim,SayeretShakedPark LTER, from under the phylosphere of Noaea mucronata on the O3 homogeneous hillslope	soil metagenome	Soil	31.27 N 34.65 E	10 cm	187 m.a.s.l.	Semi-arid shrubland	Long-term ecological research station	250 mm (165 mm since 2010)	26 and 12°C in the summer and winter, respectively	homogeneous	under the phylosphere of Noaea mucronata	O3
AS3021	biological replicate 2	Soil metagenome sample from Israel:Ofakim,SayeretShakedPark LTER, from under the phylosphere of Noaea mucronata on the O3 homogeneous hillslope	Israel:Ofakim,SayeretShakedPark	3-Feb-2020	Soil metagenome sample from Israel:Ofakim,SayeretShakedPark LTER, from under the phylosphere of Noaea mucronata on the O3 homogeneous hillslope	soil metagenome	Soil	31.27 N 34.65 E	10 cm	187 m.a.s.l.	Semi-arid shrubland	Long-term ecological research station	250 mm (165 mm since 2010)	26 and 12°C in the summer and winter, respectively	homogeneous	under the phylosphere of Noaea mucronata	O3
AS3022	biological replicate 3	Soil metagenome sample from Israel:Ofakim,SayeretShakedPark LTER, from under the phylosphere of Noaea mucronata on the O3 homogeneous hillslope	Israel:Ofakim,SayeretShakedPark	3-Feb-2020	Soil metagenome sample from Israel:Ofakim,SayeretShakedPark LTER, from under the phylosphere of Noaea mucronata on the O3 homogeneous hillslope	soil metagenome	Soil	31.27 N 34.65 E	10 cm	187 m.a.s.l.	Semi-arid shrubland	Long-term ecological research station	250 mm (165 mm since 2010)	26 and 12°C in the summer and winter, respectively	homogeneous	under the phylosphere of Noaea mucronata	O3
AS3023	biological replicate 4	Soil metagenome sample from Israel:Ofakim,SayeretShakedPark LTER, from under the phylosphere of Noaea mucronata on the O3 homogeneous hillslope	Israel:Ofakim,SayeretShakedPark	3-Feb-2020	Soil metagenome sample from Israel:Ofakim,SayeretShakedPark LTER, from under the phylosphere of Noaea mucronata on the O3 homogeneous hillslope	soil metagenome	Soil	31.27 N 34.65 E	10 cm	187 m.a.s.l.	Semi-arid shrubland	Long-term ecological research station	250 mm (165 mm since 2010)	26 and 12°C in the summer and winter, respectively	homogeneous	under the phylosphere of Noaea mucronata	O3
AS3024	biological replicate 5	Soil metagenome sample from Israel:Ofakim,SayeretShakedPark LTER, from under the phylosphere of Noaea mucronata on the O3 homogeneous hillslope	Israel:Ofakim,SayeretShakedPark	3-Feb-2020	Soil metagenome sample from Israel:Ofakim,SayeretShakedPark LTER, from under the phylosphere of Noaea mucronata on the O3 homogeneous hillslope	soil metagenome	Soil	31.27 N 34.65 E	10 cm	187 m.a.s.l.	Semi-arid shrubland	Long-term ecological research station	250 mm (165 mm since 2010)	26 and 12°C in the summer and winter, respectively	homogeneous	under the phylosphere of Noaea mucronata	O3
AS3000	biological replicate 1	Soil metagenome sample from Israel:Ofakim,SayeretShakedPark LTER, from under the phylosphere of Noaea mucronata on the O1 homogeneous hillslope	Israel:Ofakim,SayeretShakedPark	3-Feb-2020	Soil metagenome sample from Israel:Ofakim,SayeretShakedPark LTER, from under the phylosphere of Noaea mucronata on the O1 homogeneous hillslope	soil metagenome	Soil	31.27 N 34.65 E	10 cm	187 m.a.s.l.	Semi-arid shrubland	Long-term ecological research station	250 mm (165 mm since 2010)	26 and 12°C in the summer and winter, respectively	homogeneous	under the phylosphere of Noaea mucronata	O1
AS3001	biological replicate 2	Soil metagenome sample from Israel:Ofakim,SayeretShakedPark LTER, from under the phylosphere of Noaea mucronata on the O1 homogeneous hillslope	Israel:Ofakim,SayeretShakedPark	3-Feb-2020	Soil metagenome sample from Israel:Ofakim,SayeretShakedPark LTER, from under the phylosphere of Noaea mucronata on the O1 homogeneous hillslope	soil metagenome	Soil	31.27 N 34.65 E	10 cm	187 m.a.s.l.	Semi-arid shrubland	Long-term ecological research station	250 mm (165 mm since 2010)	26 and 12°C in the summer and winter, respectively	homogeneous	under the phylosphere of Noaea mucronata	O1
AS3002	biological replicate 3	Soil metagenome sample from Israel:Ofakim,SayeretShakedPark LTER, from under the phylosphere of Noaea mucronata on the O1 homogeneous hillslope	Israel:Ofakim,SayeretShakedPark	3-Feb-2020	Soil metagenome sample from Israel:Ofakim,SayeretShakedPark LTER, from under the phylosphere of Noaea mucronata on the O1 homogeneous hillslope	soil metagenome	Soil	31.27 N 34.65 E	10 cm	187 m.a.s.l.	Semi-arid shrubland	Long-term ecological research station	250 mm (165 mm since 2010)	26 and 12°C in the summer and winter, respectively	homogeneous	under the phylosphere of Noaea mucronata	O1
AS3003	biological replicate 4	Soil metagenome sample from Israel:Ofakim,SayeretShakedPark LTER, from under the phylosphere of Noaea mucronata on the O1 homogeneous hillslope	Israel:Ofakim,SayeretShakedPark	3-Feb-2020	Soil metagenome sample from Israel:Ofakim,SayeretShakedPark LTER, from under the phylosphere of Noaea mucronata on the O1 homogeneous hillslope	soil metagenome	Soil	31.27 N 34.65 E	10 cm	187 m.a.s.l.	Semi-arid shrubland	Long-term ecological research station	250 mm (165 mm since 2010)	26 and 12°C in the summer and winter, respectively	homogeneous	under the phylosphere of Noaea mucronata	O1
AS3004	biological replicate 5	Soil metagenome sample from Israel:Ofakim,SayeretShakedPark LTER, from under the phylosphere of Noaea mucronata on the O1 homogeneous hillslope	Israel:Ofakim,SayeretShakedPark	3-Feb-2020	Soil metagenome sample from Israel:Ofakim,SayeretShakedPark LTER, from under the phylosphere of Noaea mucronata on the O1 homogeneous hillslope	soil metagenome	Soil	31.27 N 34.65 E	10 cm	187 m.a.s.l.	Semi-arid shrubland	Long-term ecological research station	250 mm (165 mm since 2010)	26 and 12°C in the summer and winter, respectively	homogeneous	under the phylosphere of Noaea mucronata	O1
AS3010	biological replicate 1	Soil metagenome sample from Israel:Ofakim,SayeretShakedPark LTER, from under the phylosphere of Noaea mucronata on the O2 homogeneous hillslope	Israel:Ofakim,SayeretShakedPark	3-Feb-2020	Soil metagenome sample from Israel:Ofakim,SayeretShakedPark LTER, from under the phylosphere of Noaea mucronata on the O2 homogeneous hillslope	soil metagenome	Soil	31.27 N 34.65 E	10 cm	187 m.a.s.l.	Semi-arid shrubland	Long-term ecological research station	250 mm (165 mm since 2010)	26 and 12°C in the summer and winter, respectively	homogeneous	under the phylosphere of Noaea mucronata	O2
AS3011	biological replicate 2	Soil metagenome sample from Israel:Ofakim,SayeretShakedPark LTER, from under the phylosphere of Noaea mucronata on the O2 homogeneous hillslope	Israel:Ofakim,SayeretShakedPark	3-Feb-2020	Soil metagenome sample from Israel:Ofakim,SayeretShakedPark LTER, from under the phylosphere of Noaea mucronata on the O2 homogeneous hillslope	soil metagenome	Soil	31.27 N 34.65 E	10 cm	187 m.a.s.l.	Semi-arid shrubland	Long-term ecological research station	250 mm (165 mm since 2010)	26 and 12°C in the summer and winter, respectively	homogeneous	under the phylosphere of Noaea mucronata	O2
AS3012	biological replicate 3	Soil metagenome sample from Israel:Ofakim,SayeretShakedPark LTER, from under the phylosphere of Noaea mucronata on the O2 homogeneous hillslope	Israel:Ofakim,SayeretShakedPark	3-Feb-2020	Soil metagenome sample from Israel:Ofakim,SayeretShakedPark LTER, from under the phylosphere of Noaea mucronata on the O2 homogeneous hillslope	soil metagenome	Soil	31.27 N 34.65 E	10 cm	187 m.a.s.l.	Semi-arid shrubland	Long-term ecological research station	250 mm (165 mm since 2010)	26 and 12°C in the summer and winter, respectively	homogeneous	under the phylosphere of Noaea mucronata	O2
AS3013	biological replicate 4	Soil metagenome sample from Israel:Ofakim,SayeretShakedPark LTER, from under the phylosphere of Noaea mucronata on the O2 homogeneous hillslope	Israel:Ofakim,SayeretShakedPark	3-Feb-2020	Soil metagenome sample from Israel:Ofakim,SayeretShakedPark LTER, from under the phylosphere of Noaea mucronata on the O2 homogeneous hillslope	soil metagenome	Soil	31.27 N 34.65 E	10 cm	187 m.a.s.l.	Semi-arid shrubland	Long-term ecological research station	250 mm (165 mm since 2010)	26 and 12°C in the summer and winter, respectively	homogeneous	under the phylosphere of Noaea mucronata	O2
AS3014	biological replicate 5	Soil metagenome sample from Israel:Ofakim,SayeretShakedPark LTER, from under the phylosphere of Noaea mucronata on the O2 homogeneous hillslope	Israel:Ofakim,SayeretShakedPark	3-Feb-2020	Soil metagenome sample from Israel:Ofakim,SayeretShakedPark LTER, from under the phylosphere of Noaea mucronata on the O2 homogeneous hillslope	soil metagenome	Soil	31.27 N 34.65 E	10 cm	187 m.a.s.l.	Semi-arid shrubland	Long-term ecological research station	250 mm (165 mm since 2010)	26 and 12°C in the summer and winter, respectively	homogeneous	under the phylosphere of Noaea mucronata	O2
