sample_name	metric	marker	slope	geodiversity	a	b	niche_a	niche_b	withinamong	distance
219	unweighted	ITS1	O1	Homogeneous	ITS-AS3000	ITS-AS3001	Shrub	Shrub	within Shrub	0.6512342635637344
220	unweighted	ITS1	O1	Homogeneous	ITS-AS3000	ITS-AS3002	Shrub	Shrub	within Shrub	0.689414975892096
221	unweighted	ITS1	O1	Homogeneous	ITS-AS3000	ITS-AS3003	Shrub	Shrub	within Shrub	0.7690073889671613
222	unweighted	ITS1	O1	Homogeneous	ITS-AS3000	ITS-AS3004	Shrub	Shrub	within Shrub	0.5751055092669229
223	unweighted	ITS1	O1	Homogeneous	ITS-AS3000	ITS-AS3005	Shrub	Intershrub	among niches	0.7079035623996772
224	unweighted	ITS1	O1	Homogeneous	ITS-AS3000	ITS-AS3006	Shrub	Intershrub	among niches	0.6028061944311602
225	unweighted	ITS1	O1	Homogeneous	ITS-AS3000	ITS-AS3007	Shrub	Intershrub	among niches	0.6455762754382518
226	unweighted	ITS1	O1	Homogeneous	ITS-AS3000	ITS-AS3008	Shrub	Intershrub	among niches	0.6434163162719156
227	unweighted	ITS1	O1	Homogeneous	ITS-AS3000	ITS-AS3009	Shrub	Intershrub	among niches	0.614251963906765
228	unweighted	ITS1	O1	Homogeneous	ITS-AS3001	ITS-AS3002	Shrub	Shrub	within Shrub	0.706040876169012
229	unweighted	ITS1	O1	Homogeneous	ITS-AS3001	ITS-AS3003	Shrub	Shrub	within Shrub	0.6724588871343335
230	unweighted	ITS1	O1	Homogeneous	ITS-AS3001	ITS-AS3004	Shrub	Shrub	within Shrub	0.6013260131500741
231	unweighted	ITS1	O1	Homogeneous	ITS-AS3001	ITS-AS3005	Shrub	Intershrub	among niches	0.6509203069473649
232	unweighted	ITS1	O1	Homogeneous	ITS-AS3001	ITS-AS3006	Shrub	Intershrub	among niches	0.7331260511720773
233	unweighted	ITS1	O1	Homogeneous	ITS-AS3001	ITS-AS3007	Shrub	Intershrub	among niches	0.6160411635657712
234	unweighted	ITS1	O1	Homogeneous	ITS-AS3001	ITS-AS3008	Shrub	Intershrub	among niches	0.6368302085540277
235	unweighted	ITS1	O1	Homogeneous	ITS-AS3001	ITS-AS3009	Shrub	Intershrub	among niches	0.6324132052540576
236	unweighted	ITS1	O1	Homogeneous	ITS-AS3002	ITS-AS3003	Shrub	Shrub	within Shrub	0.6852474656265971
237	unweighted	ITS1	O1	Homogeneous	ITS-AS3002	ITS-AS3004	Shrub	Shrub	within Shrub	0.6963304649019201
238	unweighted	ITS1	O1	Homogeneous	ITS-AS3002	ITS-AS3005	Shrub	Intershrub	among niches	0.6991657106576114
239	unweighted	ITS1	O1	Homogeneous	ITS-AS3002	ITS-AS3006	Shrub	Intershrub	among niches	0.7363266599272967
240	unweighted	ITS1	O1	Homogeneous	ITS-AS3002	ITS-AS3007	Shrub	Intershrub	among niches	0.6615503075352108
241	unweighted	ITS1	O1	Homogeneous	ITS-AS3002	ITS-AS3008	Shrub	Intershrub	among niches	0.748874473565125
242	unweighted	ITS1	O1	Homogeneous	ITS-AS3002	ITS-AS3009	Shrub	Intershrub	among niches	0.6605145165463163
243	unweighted	ITS1	O1	Homogeneous	ITS-AS3003	ITS-AS3004	Shrub	Shrub	within Shrub	0.6890323123317375
244	unweighted	ITS1	O1	Homogeneous	ITS-AS3003	ITS-AS3005	Shrub	Intershrub	among niches	0.6407983571668249
245	unweighted	ITS1	O1	Homogeneous	ITS-AS3003	ITS-AS3006	Shrub	Intershrub	among niches	0.7530628160919828
246	unweighted	ITS1	O1	Homogeneous	ITS-AS3003	ITS-AS3007	Shrub	Intershrub	among niches	0.629617380257614
247	unweighted	ITS1	O1	Homogeneous	ITS-AS3003	ITS-AS3008	Shrub	Intershrub	among niches	0.6999427981343317
248	unweighted	ITS1	O1	Homogeneous	ITS-AS3003	ITS-AS3009	Shrub	Intershrub	among niches	0.5950102749979594
249	unweighted	ITS1	O1	Homogeneous	ITS-AS3004	ITS-AS3005	Shrub	Intershrub	among niches	0.7309028369425762
250	unweighted	ITS1	O1	Homogeneous	ITS-AS3004	ITS-AS3006	Shrub	Intershrub	among niches	0.632935821322177
251	unweighted	ITS1	O1	Homogeneous	ITS-AS3004	ITS-AS3007	Shrub	Intershrub	among niches	0.6176515584857067
252	unweighted	ITS1	O1	Homogeneous	ITS-AS3004	ITS-AS3008	Shrub	Intershrub	among niches	0.7032250106404853
253	unweighted	ITS1	O1	Homogeneous	ITS-AS3004	ITS-AS3009	Shrub	Intershrub	among niches	0.6962640566540532
254	unweighted	ITS1	O1	Homogeneous	ITS-AS3005	ITS-AS3006	Intershrub	Intershrub	within Intershrub	0.6837681156528889
255	unweighted	ITS1	O1	Homogeneous	ITS-AS3005	ITS-AS3007	Intershrub	Intershrub	within Intershrub	0.6233732056195496
256	unweighted	ITS1	O1	Homogeneous	ITS-AS3005	ITS-AS3008	Intershrub	Intershrub	within Intershrub	0.6633224950400064
257	unweighted	ITS1	O1	Homogeneous	ITS-AS3005	ITS-AS3009	Intershrub	Intershrub	within Intershrub	0.5111141932285198
258	unweighted	ITS1	O1	Homogeneous	ITS-AS3006	ITS-AS3007	Intershrub	Intershrub	within Intershrub	0.5740186506045122
259	unweighted	ITS1	O1	Homogeneous	ITS-AS3006	ITS-AS3008	Intershrub	Intershrub	within Intershrub	0.7201026584578128
260	unweighted	ITS1	O1	Homogeneous	ITS-AS3006	ITS-AS3009	Intershrub	Intershrub	within Intershrub	0.6591002889462013
261	unweighted	ITS1	O1	Homogeneous	ITS-AS3007	ITS-AS3008	Intershrub	Intershrub	within Intershrub	0.6396178823570382
262	unweighted	ITS1	O1	Homogeneous	ITS-AS3007	ITS-AS3009	Intershrub	Intershrub	within Intershrub	0.5722880654073927
263	unweighted	ITS1	O1	Homogeneous	ITS-AS3008	ITS-AS3009	Intershrub	Intershrub	within Intershrub	0.5885515776373276
264	unweighted	ITS1	O2	Homogeneous	ITS-AS3010	ITS-AS3011	Shrub	Shrub	within Shrub	0.6491832488472448
265	unweighted	ITS1	O2	Homogeneous	ITS-AS3010	ITS-AS3012	Shrub	Shrub	within Shrub	0.7106833455548321
266	unweighted	ITS1	O2	Homogeneous	ITS-AS3010	ITS-AS3013	Shrub	Shrub	within Shrub	0.6849952726494121
267	unweighted	ITS1	O2	Homogeneous	ITS-AS3010	ITS-AS3014	Shrub	Shrub	within Shrub	0.6178936843150985
268	unweighted	ITS1	O2	Homogeneous	ITS-AS3010	ITS-AS3015	Shrub	Intershrub	among niches	0.7330144591608414
269	unweighted	ITS1	O2	Homogeneous	ITS-AS3010	ITS-AS3016	Shrub	Intershrub	among niches	0.7310746742769881
270	unweighted	ITS1	O2	Homogeneous	ITS-AS3010	ITS-AS3017	Shrub	Intershrub	among niches	0.7351594699734042
271	unweighted	ITS1	O2	Homogeneous	ITS-AS3010	ITS-AS3018	Shrub	Intershrub	among niches	0.7640742613365652
272	unweighted	ITS1	O2	Homogeneous	ITS-AS3010	ITS-AS3019	Shrub	Intershrub	among niches	0.6275151529295073
273	unweighted	ITS1	O2	Homogeneous	ITS-AS3011	ITS-AS3012	Shrub	Shrub	within Shrub	0.6531458571503079
274	unweighted	ITS1	O2	Homogeneous	ITS-AS3011	ITS-AS3013	Shrub	Shrub	within Shrub	0.782471064311226
275	unweighted	ITS1	O2	Homogeneous	ITS-AS3011	ITS-AS3014	Shrub	Shrub	within Shrub	0.5943135946123711
276	unweighted	ITS1	O2	Homogeneous	ITS-AS3011	ITS-AS3015	Shrub	Intershrub	among niches	0.7613703194988227
277	unweighted	ITS1	O2	Homogeneous	ITS-AS3011	ITS-AS3016	Shrub	Intershrub	among niches	0.7160220771460603
278	unweighted	ITS1	O2	Homogeneous	ITS-AS3011	ITS-AS3017	Shrub	Intershrub	among niches	0.7195471573637119
279	unweighted	ITS1	O2	Homogeneous	ITS-AS3011	ITS-AS3018	Shrub	Intershrub	among niches	0.6919487868472624
280	unweighted	ITS1	O2	Homogeneous	ITS-AS3011	ITS-AS3019	Shrub	Intershrub	among niches	0.6746363130076898
281	unweighted	ITS1	O2	Homogeneous	ITS-AS3012	ITS-AS3013	Shrub	Shrub	within Shrub	0.7703762831390658
282	unweighted	ITS1	O2	Homogeneous	ITS-AS3012	ITS-AS3014	Shrub	Shrub	within Shrub	0.6993744366630702
283	unweighted	ITS1	O2	Homogeneous	ITS-AS3012	ITS-AS3015	Shrub	Intershrub	among niches	0.6185265023550471
284	unweighted	ITS1	O2	Homogeneous	ITS-AS3012	ITS-AS3016	Shrub	Intershrub	among niches	0.5948990840976972
285	unweighted	ITS1	O2	Homogeneous	ITS-AS3012	ITS-AS3017	Shrub	Intershrub	among niches	0.6990087818602239
286	unweighted	ITS1	O2	Homogeneous	ITS-AS3012	ITS-AS3018	Shrub	Intershrub	among niches	0.6400912797605466
287	unweighted	ITS1	O2	Homogeneous	ITS-AS3012	ITS-AS3019	Shrub	Intershrub	among niches	0.5903240551519012
288	unweighted	ITS1	O2	Homogeneous	ITS-AS3013	ITS-AS3014	Shrub	Shrub	within Shrub	0.6849183351617849
289	unweighted	ITS1	O2	Homogeneous	ITS-AS3013	ITS-AS3015	Shrub	Intershrub	among niches	0.7863733373696286
290	unweighted	ITS1	O2	Homogeneous	ITS-AS3013	ITS-AS3016	Shrub	Intershrub	among niches	0.7872148628926776
291	unweighted	ITS1	O2	Homogeneous	ITS-AS3013	ITS-AS3017	Shrub	Intershrub	among niches	0.7529419857089585
292	unweighted	ITS1	O2	Homogeneous	ITS-AS3013	ITS-AS3018	Shrub	Intershrub	among niches	0.7757712635050399
293	unweighted	ITS1	O2	Homogeneous	ITS-AS3013	ITS-AS3019	Shrub	Intershrub	among niches	0.7064744780951685
294	unweighted	ITS1	O2	Homogeneous	ITS-AS3014	ITS-AS3015	Shrub	Intershrub	among niches	0.7187716466379098
295	unweighted	ITS1	O2	Homogeneous	ITS-AS3014	ITS-AS3016	Shrub	Intershrub	among niches	0.7228824746252972
296	unweighted	ITS1	O2	Homogeneous	ITS-AS3014	ITS-AS3017	Shrub	Intershrub	among niches	0.7203068379541031
297	unweighted	ITS1	O2	Homogeneous	ITS-AS3014	ITS-AS3018	Shrub	Intershrub	among niches	0.6817241270926654
298	unweighted	ITS1	O2	Homogeneous	ITS-AS3014	ITS-AS3019	Shrub	Intershrub	among niches	0.6614039528949814
299	unweighted	ITS1	O2	Homogeneous	ITS-AS3015	ITS-AS3016	Intershrub	Intershrub	within Intershrub	0.6260266736772387
300	unweighted	ITS1	O2	Homogeneous	ITS-AS3015	ITS-AS3017	Intershrub	Intershrub	within Intershrub	0.5993709078265943
301	unweighted	ITS1	O2	Homogeneous	ITS-AS3015	ITS-AS3018	Intershrub	Intershrub	within Intershrub	0.6500531522716794
302	unweighted	ITS1	O2	Homogeneous	ITS-AS3015	ITS-AS3019	Intershrub	Intershrub	within Intershrub	0.6311434794231853
303	unweighted	ITS1	O2	Homogeneous	ITS-AS3016	ITS-AS3017	Intershrub	Intershrub	within Intershrub	0.6227667402618015
304	unweighted	ITS1	O2	Homogeneous	ITS-AS3016	ITS-AS3018	Intershrub	Intershrub	within Intershrub	0.6736262029457902
305	unweighted	ITS1	O2	Homogeneous	ITS-AS3016	ITS-AS3019	Intershrub	Intershrub	within Intershrub	0.5679016582474511
306	unweighted	ITS1	O2	Homogeneous	ITS-AS3017	ITS-AS3018	Intershrub	Intershrub	within Intershrub	0.6479790885423162
307	unweighted	ITS1	O2	Homogeneous	ITS-AS3017	ITS-AS3019	Intershrub	Intershrub	within Intershrub	0.6273955839834553
308	unweighted	ITS1	O2	Homogeneous	ITS-AS3018	ITS-AS3019	Intershrub	Intershrub	within Intershrub	0.6861358019000563
309	unweighted	ITS1	O3	Homogeneous	ITS-AS3020	ITS-AS3021	Shrub	Shrub	within Shrub	0.6835164280720522
310	unweighted	ITS1	O3	Homogeneous	ITS-AS3020	ITS-AS3022	Shrub	Shrub	within Shrub	0.6143311142423238
311	unweighted	ITS1	O3	Homogeneous	ITS-AS3020	ITS-AS3023	Shrub	Shrub	within Shrub	0.6849934824160032
312	unweighted	ITS1	O3	Homogeneous	ITS-AS3020	ITS-AS3025	Shrub	Intershrub	among niches	0.5890996651974023
313	unweighted	ITS1	O3	Homogeneous	ITS-AS3020	ITS-AS3026	Shrub	Intershrub	among niches	0.6411722595281671
314	unweighted	ITS1	O3	Homogeneous	ITS-AS3020	ITS-AS3028	Shrub	Intershrub	among niches	0.7378498901879529
315	unweighted	ITS1	O3	Homogeneous	ITS-AS3020	ITS-AS3029	Shrub	Intershrub	among niches	0.6162250605625971
316	unweighted	ITS1	O3	Homogeneous	ITS-AS3021	ITS-AS3022	Shrub	Shrub	within Shrub	0.6443405112948775
317	unweighted	ITS1	O3	Homogeneous	ITS-AS3021	ITS-AS3023	Shrub	Shrub	within Shrub	0.6155775526870352
318	unweighted	ITS1	O3	Homogeneous	ITS-AS3021	ITS-AS3025	Shrub	Intershrub	among niches	0.7321181645819584
319	unweighted	ITS1	O3	Homogeneous	ITS-AS3021	ITS-AS3026	Shrub	Intershrub	among niches	0.7004575841376233
320	unweighted	ITS1	O3	Homogeneous	ITS-AS3021	ITS-AS3028	Shrub	Intershrub	among niches	0.8212186922133161
321	unweighted	ITS1	O3	Homogeneous	ITS-AS3021	ITS-AS3029	Shrub	Intershrub	among niches	0.7117331786693707
322	unweighted	ITS1	O3	Homogeneous	ITS-AS3022	ITS-AS3023	Shrub	Shrub	within Shrub	0.6329205004874136
323	unweighted	ITS1	O3	Homogeneous	ITS-AS3022	ITS-AS3025	Shrub	Intershrub	among niches	0.6574073092786743
324	unweighted	ITS1	O3	Homogeneous	ITS-AS3022	ITS-AS3026	Shrub	Intershrub	among niches	0.5901934873577096
325	unweighted	ITS1	O3	Homogeneous	ITS-AS3022	ITS-AS3028	Shrub	Intershrub	among niches	0.7548765979382034
326	unweighted	ITS1	O3	Homogeneous	ITS-AS3022	ITS-AS3029	Shrub	Intershrub	among niches	0.7089597471542507
327	unweighted	ITS1	O3	Homogeneous	ITS-AS3023	ITS-AS3025	Shrub	Intershrub	among niches	0.7173800335984601
328	unweighted	ITS1	O3	Homogeneous	ITS-AS3023	ITS-AS3026	Shrub	Intershrub	among niches	0.6926155144722163
329	unweighted	ITS1	O3	Homogeneous	ITS-AS3023	ITS-AS3028	Shrub	Intershrub	among niches	0.8081960866003426
330	unweighted	ITS1	O3	Homogeneous	ITS-AS3023	ITS-AS3029	Shrub	Intershrub	among niches	0.6827322255199527
331	unweighted	ITS1	O3	Homogeneous	ITS-AS3025	ITS-AS3026	Intershrub	Intershrub	within Intershrub	0.5793449727866913
332	unweighted	ITS1	O3	Homogeneous	ITS-AS3025	ITS-AS3028	Intershrub	Intershrub	within Intershrub	0.7042713347458099
333	unweighted	ITS1	O3	Homogeneous	ITS-AS3025	ITS-AS3029	Intershrub	Intershrub	within Intershrub	0.6685454571211811
334	unweighted	ITS1	O3	Homogeneous	ITS-AS3026	ITS-AS3028	Intershrub	Intershrub	within Intershrub	0.7204454863123193
335	unweighted	ITS1	O3	Homogeneous	ITS-AS3026	ITS-AS3029	Intershrub	Intershrub	within Intershrub	0.6645853465102891
336	unweighted	ITS1	O3	Homogeneous	ITS-AS3028	ITS-AS3029	Intershrub	Intershrub	within Intershrub	0.6083951161540327
337	unweighted	ITS1	H1	Heterogeneous	ITS-AS3031	ITS-AS3032	Shrub	Shrub	within Shrub	0.7741586099932029
338	unweighted	ITS1	H1	Heterogeneous	ITS-AS3031	ITS-AS3033	Shrub	Shrub	within Shrub	0.617702950958288
339	unweighted	ITS1	H1	Heterogeneous	ITS-AS3031	ITS-AS3034	Shrub	Shrub	within Shrub	0.5879931484501497
340	unweighted	ITS1	H1	Heterogeneous	ITS-AS3031	ITS-AS3036	Shrub	Intershrub	among niches	0.6364075280066582
341	unweighted	ITS1	H1	Heterogeneous	ITS-AS3031	ITS-AS3037	Shrub	Intershrub	among niches	0.7201158179496869
342	unweighted	ITS1	H1	Heterogeneous	ITS-AS3031	ITS-AS3038	Shrub	Intershrub	among niches	0.7900241697067947
343	unweighted	ITS1	H1	Heterogeneous	ITS-AS3031	ITS-AS3039	Shrub	Intershrub	among niches	0.5463336140899665
344	unweighted	ITS1	H1	Heterogeneous	ITS-AS3032	ITS-AS3033	Shrub	Shrub	within Shrub	0.752586302149737
345	unweighted	ITS1	H1	Heterogeneous	ITS-AS3032	ITS-AS3034	Shrub	Shrub	within Shrub	0.6711519041097486
346	unweighted	ITS1	H1	Heterogeneous	ITS-AS3032	ITS-AS3036	Shrub	Intershrub	among niches	0.6596998054531972
347	unweighted	ITS1	H1	Heterogeneous	ITS-AS3032	ITS-AS3037	Shrub	Intershrub	among niches	0.7754582487011545
348	unweighted	ITS1	H1	Heterogeneous	ITS-AS3032	ITS-AS3038	Shrub	Intershrub	among niches	0.7484383350860453
349	unweighted	ITS1	H1	Heterogeneous	ITS-AS3032	ITS-AS3039	Shrub	Intershrub	among niches	0.7275592371163285
350	unweighted	ITS1	H1	Heterogeneous	ITS-AS3033	ITS-AS3034	Shrub	Shrub	within Shrub	0.6378545953119562
351	unweighted	ITS1	H1	Heterogeneous	ITS-AS3033	ITS-AS3036	Shrub	Intershrub	among niches	0.7006373503036891
352	unweighted	ITS1	H1	Heterogeneous	ITS-AS3033	ITS-AS3037	Shrub	Intershrub	among niches	0.7830578456840023
353	unweighted	ITS1	H1	Heterogeneous	ITS-AS3033	ITS-AS3038	Shrub	Intershrub	among niches	0.7509714792206497
354	unweighted	ITS1	H1	Heterogeneous	ITS-AS3033	ITS-AS3039	Shrub	Intershrub	among niches	0.5615203324319841
355	unweighted	ITS1	H1	Heterogeneous	ITS-AS3034	ITS-AS3036	Shrub	Intershrub	among niches	0.5646658843953596
356	unweighted	ITS1	H1	Heterogeneous	ITS-AS3034	ITS-AS3037	Shrub	Intershrub	among niches	0.682041730282238
357	unweighted	ITS1	H1	Heterogeneous	ITS-AS3034	ITS-AS3038	Shrub	Intershrub	among niches	0.7251543645566705
358	unweighted	ITS1	H1	Heterogeneous	ITS-AS3034	ITS-AS3039	Shrub	Intershrub	among niches	0.5952971200161885
359	unweighted	ITS1	H1	Heterogeneous	ITS-AS3036	ITS-AS3037	Intershrub	Intershrub	within Intershrub	0.7371234511914418
360	unweighted	ITS1	H1	Heterogeneous	ITS-AS3036	ITS-AS3038	Intershrub	Intershrub	within Intershrub	0.7189944690262355
361	unweighted	ITS1	H1	Heterogeneous	ITS-AS3036	ITS-AS3039	Intershrub	Intershrub	within Intershrub	0.6683576145033558
362	unweighted	ITS1	H1	Heterogeneous	ITS-AS3037	ITS-AS3038	Intershrub	Intershrub	within Intershrub	0.812977792316448
363	unweighted	ITS1	H1	Heterogeneous	ITS-AS3037	ITS-AS3039	Intershrub	Intershrub	within Intershrub	0.7056233428853447
364	unweighted	ITS1	H1	Heterogeneous	ITS-AS3038	ITS-AS3039	Intershrub	Intershrub	within Intershrub	0.7547040876430373
365	unweighted	ITS1	H2	Heterogeneous	ITS-AS3040	ITS-AS3041	Shrub	Shrub	within Shrub	0.6067688254777879
366	unweighted	ITS1	H2	Heterogeneous	ITS-AS3040	ITS-AS3042	Shrub	Shrub	within Shrub	0.6134837270564841
367	unweighted	ITS1	H2	Heterogeneous	ITS-AS3040	ITS-AS3044	Shrub	Shrub	within Shrub	0.6056145040588323
368	unweighted	ITS1	H2	Heterogeneous	ITS-AS3040	ITS-AS3045	Shrub	Intershrub	among niches	0.7689944187708213
369	unweighted	ITS1	H2	Heterogeneous	ITS-AS3040	ITS-AS3046	Shrub	Intershrub	among niches	0.6529654824084078
370	unweighted	ITS1	H2	Heterogeneous	ITS-AS3040	ITS-AS3047	Shrub	Intershrub	among niches	0.6438143949626569
371	unweighted	ITS1	H2	Heterogeneous	ITS-AS3040	ITS-AS3049	Shrub	Intershrub	among niches	0.6476668543453256
372	unweighted	ITS1	H2	Heterogeneous	ITS-AS3041	ITS-AS3042	Shrub	Shrub	within Shrub	0.4584724078301629
373	unweighted	ITS1	H2	Heterogeneous	ITS-AS3041	ITS-AS3044	Shrub	Shrub	within Shrub	0.4989429940489661
374	unweighted	ITS1	H2	Heterogeneous	ITS-AS3041	ITS-AS3045	Shrub	Intershrub	among niches	0.7152154983744679
375	unweighted	ITS1	H2	Heterogeneous	ITS-AS3041	ITS-AS3046	Shrub	Intershrub	among niches	0.5537577180686721
376	unweighted	ITS1	H2	Heterogeneous	ITS-AS3041	ITS-AS3047	Shrub	Intershrub	among niches	0.6146472400367504
377	unweighted	ITS1	H2	Heterogeneous	ITS-AS3041	ITS-AS3049	Shrub	Intershrub	among niches	0.6968235481670204
378	unweighted	ITS1	H2	Heterogeneous	ITS-AS3042	ITS-AS3044	Shrub	Shrub	within Shrub	0.4353814835870593
379	unweighted	ITS1	H2	Heterogeneous	ITS-AS3042	ITS-AS3045	Shrub	Intershrub	among niches	0.7121652609781205
380	unweighted	ITS1	H2	Heterogeneous	ITS-AS3042	ITS-AS3046	Shrub	Intershrub	among niches	0.6206772264381102
381	unweighted	ITS1	H2	Heterogeneous	ITS-AS3042	ITS-AS3047	Shrub	Intershrub	among niches	0.5610592874425363
382	unweighted	ITS1	H2	Heterogeneous	ITS-AS3042	ITS-AS3049	Shrub	Intershrub	among niches	0.7389602686162797
383	unweighted	ITS1	H2	Heterogeneous	ITS-AS3044	ITS-AS3045	Shrub	Intershrub	among niches	0.7173492870023604
384	unweighted	ITS1	H2	Heterogeneous	ITS-AS3044	ITS-AS3046	Shrub	Intershrub	among niches	0.6264628643706976
385	unweighted	ITS1	H2	Heterogeneous	ITS-AS3044	ITS-AS3047	Shrub	Intershrub	among niches	0.6113207759924711
386	unweighted	ITS1	H2	Heterogeneous	ITS-AS3044	ITS-AS3049	Shrub	Intershrub	among niches	0.6442129184225569
387	unweighted	ITS1	H2	Heterogeneous	ITS-AS3045	ITS-AS3046	Intershrub	Intershrub	within Intershrub	0.7150668826968571
388	unweighted	ITS1	H2	Heterogeneous	ITS-AS3045	ITS-AS3047	Intershrub	Intershrub	within Intershrub	0.6816960305979821
389	unweighted	ITS1	H2	Heterogeneous	ITS-AS3045	ITS-AS3049	Intershrub	Intershrub	within Intershrub	0.67568530072593
390	unweighted	ITS1	H2	Heterogeneous	ITS-AS3046	ITS-AS3047	Intershrub	Intershrub	within Intershrub	0.5979080369802864
391	unweighted	ITS1	H2	Heterogeneous	ITS-AS3046	ITS-AS3049	Intershrub	Intershrub	within Intershrub	0.6963734451376553
392	unweighted	ITS1	H2	Heterogeneous	ITS-AS3047	ITS-AS3049	Intershrub	Intershrub	within Intershrub	0.6428295811167437
393	unweighted	ITS1	H3	Heterogeneous	ITS-AS3050	ITS-AS3051	Shrub	Shrub	within Shrub	0.7535562131765935
394	unweighted	ITS1	H3	Heterogeneous	ITS-AS3050	ITS-AS3052	Shrub	Shrub	within Shrub	0.8047254494575201
395	unweighted	ITS1	H3	Heterogeneous	ITS-AS3050	ITS-AS3053	Shrub	Shrub	within Shrub	0.810589287294931
396	unweighted	ITS1	H3	Heterogeneous	ITS-AS3050	ITS-AS3054	Shrub	Shrub	within Shrub	0.7693802511971104
397	unweighted	ITS1	H3	Heterogeneous	ITS-AS3050	ITS-AS3055	Shrub	Intershrub	among niches	0.831874754469765
398	unweighted	ITS1	H3	Heterogeneous	ITS-AS3050	ITS-AS3056	Shrub	Intershrub	among niches	0.7776511405339505
399	unweighted	ITS1	H3	Heterogeneous	ITS-AS3050	ITS-AS3057	Shrub	Intershrub	among niches	0.7868280899932284
400	unweighted	ITS1	H3	Heterogeneous	ITS-AS3050	ITS-AS3058	Shrub	Intershrub	among niches	0.8098792563424695
401	unweighted	ITS1	H3	Heterogeneous	ITS-AS3050	ITS-AS3059	Shrub	Intershrub	among niches	0.7986941565471422
402	unweighted	ITS1	H3	Heterogeneous	ITS-AS3051	ITS-AS3052	Shrub	Shrub	within Shrub	0.6938051653261196
403	unweighted	ITS1	H3	Heterogeneous	ITS-AS3051	ITS-AS3053	Shrub	Shrub	within Shrub	0.658522401196967
404	unweighted	ITS1	H3	Heterogeneous	ITS-AS3051	ITS-AS3054	Shrub	Shrub	within Shrub	0.5700656408586116
405	unweighted	ITS1	H3	Heterogeneous	ITS-AS3051	ITS-AS3055	Shrub	Intershrub	among niches	0.5761864581714375
406	unweighted	ITS1	H3	Heterogeneous	ITS-AS3051	ITS-AS3056	Shrub	Intershrub	among niches	0.5803480152014937
407	unweighted	ITS1	H3	Heterogeneous	ITS-AS3051	ITS-AS3057	Shrub	Intershrub	among niches	0.6364620014750154
408	unweighted	ITS1	H3	Heterogeneous	ITS-AS3051	ITS-AS3058	Shrub	Intershrub	among niches	0.4966025602862724
409	unweighted	ITS1	H3	Heterogeneous	ITS-AS3051	ITS-AS3059	Shrub	Intershrub	among niches	0.6307489883905107
410	unweighted	ITS1	H3	Heterogeneous	ITS-AS3052	ITS-AS3053	Shrub	Shrub	within Shrub	0.6382449661027689
411	unweighted	ITS1	H3	Heterogeneous	ITS-AS3052	ITS-AS3054	Shrub	Shrub	within Shrub	0.6409885485372138
412	unweighted	ITS1	H3	Heterogeneous	ITS-AS3052	ITS-AS3055	Shrub	Intershrub	among niches	0.6503643482112181
413	unweighted	ITS1	H3	Heterogeneous	ITS-AS3052	ITS-AS3056	Shrub	Intershrub	among niches	0.6207709622515418
414	unweighted	ITS1	H3	Heterogeneous	ITS-AS3052	ITS-AS3057	Shrub	Intershrub	among niches	0.5587482721634466
415	unweighted	ITS1	H3	Heterogeneous	ITS-AS3052	ITS-AS3058	Shrub	Intershrub	among niches	0.7070941560847536
416	unweighted	ITS1	H3	Heterogeneous	ITS-AS3052	ITS-AS3059	Shrub	Intershrub	among niches	0.7436360289125301
417	unweighted	ITS1	H3	Heterogeneous	ITS-AS3053	ITS-AS3054	Shrub	Shrub	within Shrub	0.5654911194743228
418	unweighted	ITS1	H3	Heterogeneous	ITS-AS3053	ITS-AS3055	Shrub	Intershrub	among niches	0.652577697493555
419	unweighted	ITS1	H3	Heterogeneous	ITS-AS3053	ITS-AS3056	Shrub	Intershrub	among niches	0.4390624650079858
420	unweighted	ITS1	H3	Heterogeneous	ITS-AS3053	ITS-AS3057	Shrub	Intershrub	among niches	0.6051102214006142
421	unweighted	ITS1	H3	Heterogeneous	ITS-AS3053	ITS-AS3058	Shrub	Intershrub	among niches	0.6043060271454535
422	unweighted	ITS1	H3	Heterogeneous	ITS-AS3053	ITS-AS3059	Shrub	Intershrub	among niches	0.6781261483826753
423	unweighted	ITS1	H3	Heterogeneous	ITS-AS3054	ITS-AS3055	Shrub	Intershrub	among niches	0.5681996486751715
424	unweighted	ITS1	H3	Heterogeneous	ITS-AS3054	ITS-AS3056	Shrub	Intershrub	among niches	0.5498445224901293
425	unweighted	ITS1	H3	Heterogeneous	ITS-AS3054	ITS-AS3057	Shrub	Intershrub	among niches	0.5787428118010077
426	unweighted	ITS1	H3	Heterogeneous	ITS-AS3054	ITS-AS3058	Shrub	Intershrub	among niches	0.6050560792942348
427	unweighted	ITS1	H3	Heterogeneous	ITS-AS3054	ITS-AS3059	Shrub	Intershrub	among niches	0.6554000518914193
428	unweighted	ITS1	H3	Heterogeneous	ITS-AS3055	ITS-AS3056	Intershrub	Intershrub	within Intershrub	0.5493243272038173
429	unweighted	ITS1	H3	Heterogeneous	ITS-AS3055	ITS-AS3057	Intershrub	Intershrub	within Intershrub	0.6127506279687703
430	unweighted	ITS1	H3	Heterogeneous	ITS-AS3055	ITS-AS3058	Intershrub	Intershrub	within Intershrub	0.625416949862174
431	unweighted	ITS1	H3	Heterogeneous	ITS-AS3055	ITS-AS3059	Intershrub	Intershrub	within Intershrub	0.7029305959051606
432	unweighted	ITS1	H3	Heterogeneous	ITS-AS3056	ITS-AS3057	Intershrub	Intershrub	within Intershrub	0.4699518114937174
433	unweighted	ITS1	H3	Heterogeneous	ITS-AS3056	ITS-AS3058	Intershrub	Intershrub	within Intershrub	0.5620503950330917
434	unweighted	ITS1	H3	Heterogeneous	ITS-AS3056	ITS-AS3059	Intershrub	Intershrub	within Intershrub	0.6639917150116664
435	unweighted	ITS1	H3	Heterogeneous	ITS-AS3057	ITS-AS3058	Intershrub	Intershrub	within Intershrub	0.5998390781215045
436	unweighted	ITS1	H3	Heterogeneous	ITS-AS3057	ITS-AS3059	Intershrub	Intershrub	within Intershrub	0.6923334236285998
437	unweighted	ITS1	H3	Heterogeneous	ITS-AS3058	ITS-AS3059	Intershrub	Intershrub	within Intershrub	0.6219539019452975
